y,t
8.0900,1
8.0900,2
8.1200,3
8.0700,4
7.9700,5
7.6700,6
7.7000,7
7.7100,8
7.6700,9
7.7300,10
7.6300,11
7.6900,12
7.6700,13
7.6900,14
7.6100,15
7.4500,16
7.4600,17
7.4100,18
7.4000,19
7.4900,20
7.5600,21
7.6600,22
7.6500,23
7.7500,24
7.7400,25
7.7200,26
7.6900,27
7.7300,28
7.7500,29
7.8000,30
7.7500,31
7.8000,32
7.5800,33
7.5300,34
7.5500,35
7.5200,36
7.5100,37
7.5200,38
7.5200,39
7.4900,40
7.4000,41
7.6000,42
7.5500,43
7.6100,44
7.6100,45
7.5800,46
7.4600,47
7.3200,48
7.3800,49
7.6000,50
7.5600,51
7.4900,52
7.4800,53
7.4500,54
7.5200,55
7.4100,56
7.3500,57
7.3400,58
7.2300,59
7.2100,60
7.1700,61
7.1600,62
7.1100,63
7.3200,64
7.3800,65
7.3200,66
7.4500,67
7.4400,68
7.4100,69
7.4500,70
7.4100,71
7.4600,72
7.5500,73
7.6200,74
7.5800,75
7.6500,76
7.5700,77
7.5900,78
7.5300,79
7.4600,80
7.4700,81
7.4800,82
7.5100,83
7.6400,84
7.6800,85
7.7300,86
7.6800,87
7.6900,88
7.5400,89
7.5300,90
7.6300,91
7.4900,92
7.5000,93
7.4200,94
7.3600,95
7.3700,96
7.3500,97
7.4700,98
7.4400,99
7.5100,100
7.4700,101
7.4600,102
7.4400,103
7.4100,104
7.4600,105
7.3500,106
7.4300,107
7.8800,108
7.8900,109
8.2600,110
8.3300,111
8.2800,112
8.4000,113
8.2900,114
8.9000,115
9.0700,116
9.1400,117
9.0500,118
9.0600,119
8.9700,120
9.0900,121
9.4500,122
9.4600,123
9.3900,124
9.5900,125
9.9200,126
10.0200,127
10.3200,128
10.1200,129
10.1400,130
10.0400,131
9.8200,132
10.3500,133
10.3300,134
10.1200,135
10.0300,136
10.1600,137
10.4000,138
10.4800,139
10.6000,140
10.6100,141
10.6600,142
11.1800,143
11.3000,144
11.2400,145
11.4800,146
11.9500,147
12.0700,148
11.8700,149
12.0000,150
11.4300,151
11.3400,152
11.2600,153
11.1000,154
10.8100,155
10.2200,156
10.1400,157
10.3200,158
10.3300,159
10.3900,160
11.0600,161
11.1700,162
10.3900,163
11.0700,164
11.1100,165
10.7600,166
10.7100,167
10.4700,168
10.2900,169
10.2500,170
10.4500,171
10.5100,172
10.4800,173
10.6500,174
11.1900,175
11.1000,176
11.0600,177
11.0400,178
10.7000,179
10.7600,180
10.0200,181
10.1300,182
10.0500,183
10.0300,184
10.0600,185
9.9200,186
10.0400,187
10.0000,188
10.0200,189
9.9400,190
9.8300,191
9.7400,192
9.5900,193
9.6300,194
10.1400,195
10.2200,196
9.8400,197
10.0300,198
9.9100,199
9.8800,200
9.8200,201
10.0100,202
10.1300,203
10.0600,204
10.0500,205
9.9700,206
10.0300,207
10.0200,208
9.9700,209
9.9900,210
10.1500,211
10.2400,212
10.4100,213
10.3400,214
10.3600,215
10.1500,216
10.2000,217
10.2900,218
10.5500,219
10.5200,220
10.5400,221
10.4700,222
9.8400,223
9.7400,224
9.6500,225
9.4500,226
9.3500,227
9.0200,228
9.0200,229
9.0100,230
9.0700,231
8.8900,232
8.4200,233
8.2800,234
7.5200,235
7.8000,236
7.7700,237
7.8800,238
8.2800,239
8.1700,240
8.1500,241
8.0400,242
8.1200,243
8.1100,244
7.9100,245
7.9200,246
8.1100,247
8.8600,248
8.4900,249
8.5600,250
8.5400,251
8.4500,252
8.2000,253
8.0300,254
7.9500,255
8.1400,256
8.0000,257
8.0200,258
7.9700,259
7.7400,260
7.8400,261
7.8600,262
7.9900,263
7.9800,264
8.0600,265
8.0300,266
8.0100,267
7.9900,268
8.0100,269
8.3100,270
8.4200,271
8.3100,272
8.2200,273
8.3100,274
8.4500,275
8.5100,276
8.4500,277
8.4400,278
8.4200,279
8.7400,280
8.9500,281
9.0000,282
8.9200,283
8.9900,284
8.9700,285
9.0900,286
9.1400,287
9.1300,288
9.5700,289
10.5300,290
11.4000,291
11.2700,292
12.2500,293
11.9100,294
11.4900,295
10.8300,296
11.0000,297
11.1800,298
10.8100,299
10.7800,300
10.1700,301
10.2400,302
10.0900,303
10.2300,304
10.2700,305
9.9800,306
10.5500,307
10.2900,308
10.1100,309
9.9100,310
9.8200,311
9.8800,312
10.1200,313
9.9300,314
10.0200,315
9.9800,316
10.0700,317
10.1500,318
10.4800,319
10.5900,320
10.3300,321
10.4200,322
10.3000,323
10.2000,324
10.0300,325
10.0500,326
9.9800,327
9.9700,328
10.1200,329
9.6400,330
9.4900,331
9.6800,332
10.1000,333
9.9700,334
10.0500,335
10.0700,336
10.0600,337
9.9300,338
9.9000,339
9.9300,340
9.9600,341
9.9900,342
10.3200,343
10.2600,344
10.4000,345
10.3500,346
10.2200,347
10.1100,348
10.1400,349
9.9300,350
9.8800,351
9.8300,352
9.7400,353
9.6900,354
9.7100,355
9.6100,356
9.3600,357
9.3400,358
9.3400,359
9.2700,360
9.0900,361
9.2400,362
9.2000,363
9.4300,364
9.3300,365
9.1400,366
9.1900,367
9.1400,368
9.2000,369
9.2900,370
9.4100,371
9.3900,372
9.4000,373
9.2300,374
9.1800,375
9.1200,376
9.0700,377
9.1600,378
9.3400,379
9.2200,380
9.2300,381
9.1200,382
9.1900,383
9.2900,384
9.1700,385
9.1800,386
9.2900,387
9.5400,388
9.5000,389
9.6000,390
9.5900,391
9.5200,392
9.2600,393
9.4900,394
9.3900,395
9.2900,396
9.0100,397
8.8300,398
8.8500,399
8.9400,400
8.9100,401
8.8500,402
8.8700,403
8.7000,404
8.8000,405
8.7300,406
8.4400,407
8.4600,408
8.5600,409
8.8400,410
8.9900,411
8.9900,412
8.8900,413
9.0500,414
8.9900,415
9.8900,416
9.8000,417
9.7500,418
9.5800,419
9.6900,420
9.6700,421
9.7200,422
9.7300,423
9.9400,424
9.6700,425
9.7300,426
10.1400,427
10.1000,428
10.2300,429
10.2500,430
10.1200,431
9.8500,432
9.9000,433
9.7600,434
9.7800,435
9.7100,436
9.9000,437
9.8800,438
9.8700,439
9.8400,440
9.6700,441
9.8000,442
9.7700,443
9.7400,444
9.7000,445
9.6600,446
9.7500,447
9.7600,448
9.9300,449
9.9000,450
9.8100,451
9.7300,452
9.7500,453
9.5200,454
9.5500,455
9.6000,456
9.6000,457
9.7000,458
9.7400,459
9.6600,460
9.6800,461
9.6200,462
9.5700,463
9.5400,464
9.4500,465
9.6200,466
9.5100,467
9.5400,468
9.6300,469
9.5900,470
9.5400,471
9.7300,472
9.8100,473
9.7300,474
9.7300,475
9.6400,476
9.7000,477
9.6600,478
9.0400,479
8.9800,480
8.9900,481
8.9700,482
9.0500,483
9.0600,484
9.0600,485
9.0700,486
9.0700,487
9.0500,488
9.0500,489
8.9200,490
8.9200,491
8.9400,492
9.0000,493
9.0100,494
9.0200,495
8.9900,496
9.0200,497
8.9800,498
9.0600,499
9.0800,500
9.3200,501
9.3900,502
9.7600,503
9.7800,504
9.7100,505
9.8000,506
9.7600,507
9.9200,508
9.8700,509
9.7400,510
9.5600,511
9.5400,512
9.7000,513
9.6400,514
9.6100,515
9.6000,516
9.6800,517
9.7200,518
9.7100,519
9.6400,520
9.5000,521
9.5400,522
9.4400,523
9.4600,524
9.4500,525
9.3600,526
9.4700,527
9.4900,528
9.6000,529
9.6800,530
9.7100,531
9.7400,532
9.7000,533
9.5900,534
9.6000,535
9.6000,536
9.6000,537
9.6200,538
9.5700,539
9.7300,540
9.8500,541
9.6100,542
9.6300,543
9.7600,544
9.7100,545
9.7200,546
9.7600,547
9.7500,548
9.8400,549
9.8500,550
9.8300,551
9.7300,552
9.7200,553
9.7900,554
9.8900,555
9.8500,556
9.9000,557
9.7800,558
9.7800,559
9.7500,560
9.6800,561
9.4700,562
9.5900,563
9.7000,564
9.8100,565
10.2000,566
10.1600,567
10.0700,568
9.9900,569
10.0300,570
10.1800,571
10.5500,572
10.9200,573
11.0500,574
10.9400,575
10.9000,576
10.7500,577
10.4500,578
10.4700,579
10.5700,580
10.7900,581
10.8600,582
11.0800,583
11.3200,584
11.4800,585
12.4000,586
12.1600,587
12.8700,588
12.5800,589
13.2700,590
13.5300,591
13.8100,592
12.6500,593
13.1600,594
13.0500,595
12.9800,596
12.7600,597
13.2900,598
14.1100,599
13.8900,600
14.0900,601
14.6800,602
14.1100,603
13.4600,604
14.2500,605
14.7700,606
14.9500,607
15.3600,608
15.6900,609
16.0700,610
16.1300,611
15.8100,612
15.2500,613
15.4300,614
15.2200,615
15.1800,616
15.4900,617
16.1200,618
16.4700,619
14.8200,620
15.0000,621
15.7400,622
15.6300,623
15.6300,624
15.4300,625
15.0100,626
14.8100,627
14.4200,628
14.4700,629
14.0400,630
14.4500,631
14.1800,632
14.1800,633
14.0900,634
14.1600,635
14.4300,636
14.4200,637
14.3500,638
14.4300,639
14.4000,640
14.4700,641
14.2800,642
14.6200,643
14.5300,644
14.4800,645
14.0000,646
13.9100,647
13.5800,648
13.6300,649
14.5100,650
14.1000,651
14.2500,652
15.1200,653
15.2900,654
15.4700,655
15.5400,656
15.8800,657
15.6400,658
15.7500,659
15.9100,660
15.6900,661
15.2400,662
15.3600,663
15.3600,664
16.0200,665
15.7900,666
15.9500,667
16.1800,668
16.2000,669
16.7100,670
17.0200,671
16.8700,672
17.5300,673
18.0300,674
17.8900,675
17.9600,676
18.6500,677
18.6000,678
17.9000,679
18.1600,680
18.5000,681
18.2200,682
17.6800,683
18.1700,684
18.3000,685
18.5300,686
18.0700,687
17.8100,688
17.0800,689
17.0600,690
17.0700,691
17.1100,692
17.2700,693
17.2400,694
17.0700,695
16.9900,696
16.7800,697
16.3800,698
17.0400,699
17.1500,700
17.3200,701
17.7600,702
18.1400,703
18.3900,704
18.0700,705
17.0400,706
17.0400,707
17.9300,708
17.8400,709
17.9000,710
18.6300,711
18.4300,712
18.4300,713
18.4300,714
18.4300,715
18.4300,716
18.4300,717
18.4300,718
18.4300,719
18.2000,720
17.7200,721
17.0700,722
17.0200,723
17.2500,724
16.7100,725
15.8500,726
15.9100,727
16.9600,728
16.3200,729
16.3700,730
15.8700,731
17.2200,732
17.5700,733
15.9500,734
16.9500,735
17.2800,736
17.0400,737
16.7500,738
17.0700,739
16.9600,740
17.0200,741
16.6800,742
16.3800,743
16.1600,744
16.4300,745
16.1400,746
14.9100,747
15.2400,748
15.2900,749
14.9000,750
15.0700,751
15.5500,752
15.6200,753
15.3100,754
15.3800,755
15.4700,756
15.7800,757
15.5700,758
15.3900,759
15.4500,760
15.4900,761
15.3200,762
14.8700,763
15.0000,764
14.6800,765
14.2200,766
12.8700,767
12.3900,768
13.0200,769
13.9800,770
14.2400,771
14.9600,772
15.3300,773
14.8900,774
14.5000,775
15.0600,776
15.1600,777
15.2500,778
15.5600,779
15.9300,780
15.4600,781
15.4300,782
15.1100,783
15.0300,784
14.9700,785
15.0500,786
14.9500,787
15.2700,788
15.5900,789
15.9200,790
15.9700,791
16.6300,792
15.8700,793
15.9000,794
16.0600,795
15.9700,796
15.9000,797
15.9000,798
15.9000,799
15.9000,800
15.9000,801
15.9000,802
15.9000,803
15.9000,804
16.2800,805
16.3200,806
16.3100,807
16.5900,808
16.3900,809
16.4100,810
16.4600,811
16.8400,812
17.7100,813
17.8800,814
18.1500,815
18.3700,816
17.7300,817
17.3600,818
17.5800,819
17.4200,820
17.4400,821
17.3900,822
17.9000,823
18.4700,824
19.0600,825
19.0500,826
19.6700,827
19.3700,828
18.5300,829
18.6500,830
18.6600,831
19.8500,832
19.2500,833
18.7100,834
19.4500,835
20.1000,836
19.2300,837
19.2700,838
18.6000,839
18.4500,840
18.3100,841
18.1800,842
18.4900,843
18.8100,844
19.1400,845
18.9000,846
18.8800,847
19.0400,848
19.3200,849
18.7000,850
18.7400,851
18.5700,852
18.2700,853
17.8000,854
17.9600,855
18.1000,856
17.5100,857
17.4900,858
17.0500,859
17.4500,860
17.3900,861
17.9200,862
17.5800,863
17.6800,864
17.7700,865
17.2500,866
16.5800,867
17.0200,868
17.0300,869
16.6600,870
16.6800,871
16.5800,872
16.9000,873
16.5000,874
16.7600,875
16.6100,876
17.3000,877
18.3800,878
18.4500,879
18.4500,880
18.4500,881
18.4500,882
18.4500,883
18.4500,884
18.4500,885
18.4500,886
18.4500,887
18.4500,888
18.4500,889
18.4500,890
18.4500,891
18.4500,892
18.4500,893
18.4500,894
18.4500,895
18.4500,896
18.4500,897
16.9700,898
16.8600,899
17.0200,900
18.0300,901
17.7000,902
17.8400,903
18.0600,904
18.1500,905
18.1300,906
17.7200,907
17.7400,908
17.4500,909
17.4500,910
17.8700,911
17.9300,912
18.1800,913
18.1700,914
17.9600,915
17.6900,916
17.6000,917
17.6700,918
17.6200,919
17.7400,920
17.8000,921
17.8900,922
17.8100,923
17.9000,924
17.9600,925
18.1200,926
18.2400,927
17.8800,928
17.9200,929
17.8600,930
17.9000,931
17.8300,932
18.1200,933
18.0800,934
18.0600,935
17.7300,936
17.5100,937
17.4800,938
17.4500,939
17.4100,940
17.2400,941
17.2900,942
17.2500,943
17.5600,944
17.3500,945
17.4500,946
17.5500,947
17.5500,948
17.6700,949
17.7000,950
17.7400,951
17.9500,952
18.2900,953
18.1900,954
18.0200,955
18.0100,956
18.0200,957
18.0200,958
17.9900,959
17.7800,960
17.7900,961
17.7400,962
17.8000,963
17.7700,964
17.8500,965
17.7800,966
17.8900,967
15.7200,968
15.2800,969
15.3100,970
15.2800,971
15.5000,972
15.5700,973
15.9200,974
15.9300,975
15.7900,976
15.6400,977
15.5700,978
15.4500,979
15.4300,980
15.6400,981
15.7900,982
15.7000,983
15.7100,984
15.7700,985
15.7300,986
15.7500,987
15.8300,988
15.6300,989
15.6900,990
15.7400,991
15.8700,992
15.6800,993
15.7000,994
15.8000,995
15.7500,996
15.6700,997
15.5900,998
15.7300,999
15.7400,1000
15.7900,1001
15.8300,1002
16.0700,1003
16.3600,1004
16.9400,1005
16.7000,1006
16.6400,1007
16.4400,1008
16.4200,1009
16.4100,1010
16.4000,1011
16.3900,1012
16.3400,1013
16.3400,1014
16.2300,1015
16.4000,1016
16.4800,1017
16.4100,1018
16.4800,1019
16.4900,1020
16.4100,1021
16.4800,1022
16.6000,1023
16.5600,1024
16.4000,1025
16.4500,1026
16.4000,1027
16.4600,1028
16.4600,1029
16.4500,1030
16.5300,1031
16.4800,1032
16.4800,1033
16.4800,1034
16.4800,1035
16.5000,1036
16.4900,1037
16.5500,1038
16.5700,1039
16.5100,1040
16.4300,1041
16.4600,1042
16.2700,1043
16.3400,1044
16.2700,1045
16.2900,1046
16.3000,1047
16.4700,1048
16.4200,1049
16.3200,1050
16.1900,1051
16.2900,1052
16.2700,1053
16.3000,1054
16.2000,1055
16.3500,1056
16.4000,1057
16.4200,1058
16.4700,1059
16.4600,1060
16.5700,1061
16.5900,1062
16.6000,1063
16.5900,1064
16.6000,1065
16.6000,1066
16.6000,1067
16.6400,1068
16.6800,1069
16.9300,1070
16.8900,1071
17.0900,1072
17.2100,1073
17.2600,1074
17.1600,1075
17.1500,1076
17.1000,1077
17.3000,1078
17.2200,1079
17.0700,1080
17.1400,1081
17.3400,1082
17.4900,1083
17.1700,1084
17.1800,1085
16.7000,1086
16.6600,1087
16.5200,1088
16.2800,1089
16.3200,1090
16.1900,1091
16.1900,1092
16.2500,1093
16.1400,1094
16.0900,1095
16.0700,1096
16.2100,1097
16.3000,1098
16.3300,1099
16.3000,1100
16.1800,1101
16.2000,1102
16.1900,1103
16.1600,1104
16.1200,1105
16.2700,1106
16.5600,1107
16.4000,1108
16.4800,1109
16.5400,1110
16.6000,1111
16.5700,1112
16.6900,1113
16.6900,1114
16.7400,1115
16.6300,1116
16.6600,1117
16.6700,1118
16.6700,1119
16.7200,1120
16.7800,1121
16.8500,1122
16.7500,1123
16.8400,1124
16.7800,1125
16.6400,1126
16.9100,1127
16.8800,1128
16.7500,1129
16.6900,1130
16.7100,1131
16.5900,1132
16.5900,1133
16.5600,1134
16.4100,1135
16.3500,1136
16.4100,1137
16.4300,1138
16.3900,1139
16.2200,1140
16.2300,1141
16.3400,1142
16.2600,1143
16.2400,1144
16.2900,1145
16.2000,1146
16.1400,1147
16.0000,1148
15.7800,1149
15.8800,1150
15.9600,1151
16.0400,1152
16.0100,1153
15.8700,1154
15.8100,1155
16.0100,1156
16.1600,1157
16.1000,1158
16.1000,1159
15.9700,1160
15.8900,1161
15.8900,1162
15.7500,1163
15.5100,1164
15.5600,1165
15.3000,1166
15.1100,1167
14.9100,1168
15.0500,1169
15.0000,1170
15.0500,1171
15.0500,1172
15.2100,1173
15.2100,1174
15.1600,1175
15.0800,1176
14.9800,1177
14.9200,1178
14.8600,1179
14.7600,1180
14.6100,1181
14.7500,1182
15.2100,1183
15.2700,1184
15.2700,1185
15.2100,1186
15.0100,1187
15.0200,1188
15.0400,1189
15.4300,1190
15.4700,1191
12.9300,1192
12.8400,1193
12.8400,1194
12.9200,1195
12.8900,1196
12.8500,1197
12.8000,1198
12.8400,1199
12.8400,1200
12.9300,1201
12.7800,1202
12.5900,1203
12.4600,1204
12.3800,1205
12.3500,1206
12.4000,1207
12.2900,1208
12.3400,1209
12.5700,1210
12.6400,1211
12.6400,1212
12.7000,1213
12.7900,1214
12.7600,1215
12.6500,1216
12.5600,1217
12.5500,1218
12.6200,1219
12.6600,1220
12.6000,1221
12.5300,1222
12.8000,1223
12.8600,1224
13.2700,1225
13.5900,1226
13.7600,1227
13.5500,1228
13.6900,1229
13.6200,1230
13.4500,1231
13.6700,1232
13.5100,1233
13.3800,1234
13.3800,1235
13.4700,1236
13.3600,1237
13.4300,1238
13.4400,1239
13.0800,1240
12.8700,1241
12.9300,1242
12.8700,1243
12.7600,1244
12.7900,1245
12.6800,1246
12.5600,1247
12.5900,1248
12.4900,1249
12.5300,1250
12.5100,1251
12.5100,1252
12.4300,1253
12.5700,1254
12.4700,1255
12.7800,1256
12.8900,1257
12.9600,1258
12.8700,1259
12.7100,1260
12.7700,1261
12.7800,1262
13.0300,1263
12.9600,1264
12.8500,1265
13.0300,1266
12.9900,1267
13.0400,1268
12.8700,1269
12.8500,1270
12.8300,1271
12.9100,1272
12.9000,1273
12.8800,1274
12.8700,1275
12.8900,1276
12.9400,1277
12.8600,1278
12.8500,1279
12.8400,1280
12.8700,1281
13.0400,1282
13.1000,1283
13.0600,1284
13.0500,1285
12.9400,1286
13.0400,1287
12.9900,1288
13.0700,1289
13.1300,1290
13.0100,1291
12.8400,1292
12.8600,1293
12.9000,1294
12.8200,1295
12.8500,1296
12.7000,1297
12.6100,1298
12.5400,1299
12.5300,1300
12.5800,1301
12.4700,1302
12.5400,1303
12.5800,1304
12.5500,1305
12.6300,1306
12.8000,1307
12.6000,1308
12.6000,1309
12.3900,1310
12.7800,1311
12.8500,1312
12.9400,1313
13.2300,1314
13.0600,1315
13.0900,1316
13.1000,1317
12.9400,1318
12.9400,1319
12.9100,1320
12.9100,1321
12.9200,1322
13.1700,1323
12.9600,1324
12.9600,1325
12.9300,1326
12.9700,1327
12.7500,1328
12.7400,1329
12.6900,1330
12.6200,1331
12.6500,1332
12.7500,1333
12.7300,1334
12.7000,1335
12.6200,1336
12.5900,1337
12.6400,1338
12.6200,1339
12.5400,1340
12.5900,1341
12.7200,1342
12.6600,1343
12.6600,1344
12.6900,1345
12.6800,1346
12.7000,1347
13.0200,1348
12.9400,1349
12.9100,1350
13.0200,1351
12.9000,1352
13.1000,1353
13.2400,1354
13.2400,1355
12.7700,1356
12.9000,1357
13.5700,1358
13.6500,1359
13.4100,1360
13.4600,1361
13.1100,1362
13.1700,1363
13.3000,1364
13.1400,1365
13.4900,1366
13.4800,1367
13.4500,1368
13.1000,1369
12.7800,1370
12.4900,1371
12.5100,1372
12.4600,1373
12.6300,1374
12.7200,1375
12.7300,1376
12.6900,1377
12.4600,1378
12.4700,1379
12.4100,1380
12.4200,1381
12.4900,1382
12.4900,1383
12.4700,1384
12.4800,1385
12.5000,1386
12.4900,1387
12.3900,1388
12.3900,1389
12.3000,1390
12.3100,1391
12.3200,1392
12.2900,1393
12.2500,1394
11.7100,1395
11.6100,1396
11.6200,1397
11.5700,1398
11.6200,1399
11.6500,1400
11.7100,1401
11.5600,1402
11.5300,1403
11.5000,1404
11.7700,1405
11.9100,1406
11.7800,1407
11.6900,1408
11.5500,1409
11.5500,1410
11.7300,1411
11.8000,1412
11.6100,1413
11.6000,1414
11.7800,1415
11.6600,1416
11.5700,1417
11.6100,1418
11.0300,1419
10.9200,1420
10.8300,1421
10.8400,1422
10.9500,1423
10.9300,1424
10.9500,1425
10.9500,1426
11.0000,1427
10.9900,1428
10.8700,1429
10.8300,1430
10.9000,1431
10.9400,1432
10.8800,1433
10.8000,1434
10.7900,1435
10.7100,1436
10.7600,1437
10.6400,1438
10.4400,1439
10.5500,1440
10.6800,1441
10.7500,1442
10.6600,1443
10.5500,1444
10.6200,1445
10.4200,1446
10.4200,1447
10.3500,1448
10.2100,1449
10.2200,1450
10.3000,1451
9.9200,1452
9.8900,1453
9.8300,1454
9.7600,1455
9.5600,1456
9.4800,1457
9.3700,1458
9.5000,1459
9.5600,1460
9.2900,1461
9.3500,1462
9.3100,1463
9.2600,1464
9.3700,1465
9.6000,1466
9.5700,1467
9.3800,1468
9.5700,1469
9.4900,1470
9.4100,1471
9.4400,1472
9.5100,1473
9.5600,1474
9.8700,1475
9.9600,1476
10.0200,1477
10.0200,1478
9.9600,1479
9.9900,1480
10.1300,1481
10.1700,1482
9.9100,1483
9.7900,1484
9.8300,1485
9.9100,1486
10.1100,1487
10.0500,1488
10.1400,1489
10.0700,1490
9.9800,1491
10.0600,1492
9.9000,1493
10.0600,1494
9.9800,1495
10.1500,1496
10.1200,1497
10.0900,1498
10.0700,1499
10.3000,1500
10.3300,1501
10.3000,1502
10.3200,1503
10.1700,1504
10.3300,1505
10.2400,1506
10.3700,1507
10.1200,1508
10.1400,1509
10.1900,1510
10.1800,1511
10.0200,1512
10.0400,1513
10.2900,1514
10.2600,1515
10.1500,1516
10.2600,1517
10.2400,1518
10.2200,1519
10.4900,1520
10.3500,1521
10.4100,1522
10.4800,1523
10.6200,1524
10.1600,1525
10.1500,1526
10.1700,1527
9.8000,1528
10.0300,1529
10.0300,1530
10.0500,1531
10.2900,1532
10.1900,1533
10.3800,1534
10.6200,1535
10.4500,1536
10.7400,1537
10.8400,1538
10.9200,1539
10.7900,1540
10.9500,1541
10.9800,1542
10.8900,1543
11.1800,1544
11.1400,1545
11.0300,1546
10.9000,1547
11.0600,1548
10.7500,1549
10.8000,1550
10.8200,1551
10.7000,1552
10.7700,1553
10.7600,1554
10.8800,1555
10.6900,1556
10.6600,1557
10.6400,1558
10.5000,1559
10.5000,1560
10.4900,1561
10.5800,1562
10.6300,1563
10.7100,1564
11.0200,1565
11.0800,1566
11.0000,1567
10.9000,1568
10.8900,1569
10.8300,1570
10.7200,1571
10.7300,1572
10.8000,1573
10.6200,1574
10.7800,1575
10.5700,1576
10.5400,1577
10.2500,1578
10.0700,1579
9.9100,1580
9.7900,1581
9.6700,1582
9.6600,1583
9.8000,1584
9.7000,1585
9.8100,1586
9.9600,1587
9.9800,1588
9.9600,1589
9.9900,1590
9.9600,1591
10.0500,1592
10.0600,1593
10.1100,1594
10.1300,1595
10.1700,1596
10.4300,1597
10.3500,1598
10.2500,1599
10.2700,1600
10.3800,1601
10.5000,1602
10.4200,1603
10.5800,1604
10.5000,1605
10.7300,1606
10.7700,1607
10.7000,1608
10.7200,1609
10.8600,1610
10.8200,1611
10.6600,1612
10.8400,1613
10.8000,1614
10.8300,1615
10.7900,1616
11.0100,1617
11.9200,1618
11.6500,1619
11.8300,1620
11.7400,1621
12.0200,1622
12.0200,1623
11.9800,1624
12.0200,1625
11.8800,1626
11.5000,1627
11.4700,1628
11.4400,1629
11.4400,1630
11.4600,1631
11.4300,1632
11.5900,1633
11.5500,1634
11.5500,1635
11.4600,1636
11.3900,1637
11.0300,1638
11.0900,1639
11.0800,1640
11.0300,1641
11.2800,1642
11.4400,1643
11.4400,1644
11.5000,1645
11.7100,1646
11.7200,1647
11.5400,1648
11.4800,1649
11.4700,1650
11.4900,1651
11.4700,1652
11.9500,1653
11.9100,1654
11.9100,1655
12.0100,1656
11.7100,1657
11.7000,1658
11.6200,1659
11.5400,1660
11.3200,1661
11.4800,1662
11.9700,1663
11.8000,1664
11.8000,1665
11.5100,1666
11.1200,1667
11.3200,1668
11.3100,1669
11.2100,1670
11.3200,1671
11.3000,1672
11.2400,1673
11.3400,1674
11.3200,1675
11.1600,1676
11.1000,1677
11.1100,1678
11.2200,1679
11.2900,1680
11.1200,1681
11.1100,1682
11.1300,1683
11.2800,1684
11.3500,1685
11.4100,1686
11.4700,1687
11.6100,1688
11.4200,1689
11.6000,1690
11.7000,1691
11.7900,1692
11.7700,1693
11.8200,1694
11.8800,1695
12.2000,1696
12.0900,1697
12.0300,1698
11.6600,1699
11.6600,1700
11.6400,1701
11.6800,1702
11.7100,1703
11.6100,1704
11.5600,1705
11.6200,1706
11.5700,1707
11.3600,1708
11.3700,1709
11.3500,1710
11.4000,1711
11.5200,1712
11.5000,1713
11.5500,1714
11.4800,1715
11.4900,1716
11.5800,1717
11.4800,1718
11.4900,1719
11.5900,1720
11.8800,1721
11.8700,1722
11.8600,1723
11.8600,1724
11.8700,1725
11.6500,1726
11.4800,1727
11.2400,1728
11.0900,1729
11.0700,1730
11.2600,1731
11.3700,1732
11.4300,1733
11.3300,1734
11.2800,1735
11.2900,1736
11.2200,1737
11.3800,1738
11.3700,1739
11.4100,1740
11.4300,1741
11.5900,1742
11.3000,1743
11.3000,1744
11.3200,1745
11.2300,1746
11.2800,1747
11.3400,1748
11.3500,1749
11.4900,1750
11.6200,1751
11.6900,1752
11.7500,1753
11.8500,1754
11.9500,1755
12.0000,1756
11.9300,1757
11.8100,1758
11.9300,1759
11.9400,1760
11.9500,1761
11.7500,1762
11.7500,1763
11.8100,1764
11.9700,1765
11.9000,1766
11.8400,1767
11.9000,1768
11.9900,1769
11.9600,1770
12.4500,1771
12.9400,1772
13.0900,1773
13.0800,1774
13.1700,1775
12.7800,1776
12.9100,1777
12.9300,1778
12.8600,1779
13.0900,1780
12.9000,1781
12.7000,1782
12.7700,1783
12.5900,1784
12.5100,1785
12.7500,1786
12.7400,1787
12.9500,1788
12.9200,1789
12.7600,1790
12.5700,1791
12.2900,1792
12.2400,1793
12.2300,1794
12.1400,1795
12.1500,1796
12.2400,1797
12.2300,1798
12.0400,1799
11.9600,1800
11.9900,1801
12.0700,1802
12.0600,1803
11.9900,1804
11.9600,1805
11.9100,1806
11.8700,1807
11.8600,1808
11.7500,1809
11.8900,1810
11.9200,1811
11.9000,1812
11.8600,1813
11.9800,1814
11.9000,1815
12.1200,1816
12.1300,1817
12.3900,1818
12.4000,1819
12.4100,1820
12.4200,1821
12.2000,1822
12.2800,1823
12.2400,1824
12.2900,1825
12.3200,1826
12.3400,1827
12.3700,1828
12.4700,1829
12.6000,1830
12.4600,1831
12.5000,1832
12.3200,1833
12.3700,1834
12.3900,1835
12.4100,1836
12.4300,1837
12.2500,1838
12.2000,1839
12.2300,1840
12.2500,1841
12.0800,1842
11.7700,1843
11.3500,1844
10.4700,1845
10.6600,1846
10.7000,1847
10.7900,1848
10.8600,1849
10.7700,1850
10.8600,1851
10.8600,1852
10.7600,1853
10.8600,1854
11.1800,1855
11.0600,1856
11.1100,1857
11.2300,1858
11.3000,1859
11.1600,1860
11.0900,1861
11.2000,1862
11.2100,1863
10.8500,1864
11.0400,1865
11.0600,1866
11.0300,1867
11.3200,1868
11.1200,1869
10.7800,1870
10.8700,1871
10.7700,1872
10.6400,1873
10.7000,1874
10.5100,1875
10.4300,1876
10.2100,1877
9.9400,1878
10.0900,1879
9.8400,1880
10.0600,1881
10.1500,1882
10.2300,1883
10.2400,1884
10.2800,1885
10.1500,1886
10.0900,1887
10.2000,1888
10.1500,1889
10.2800,1890
10.2400,1891
10.2000,1892
10.2100,1893
10.1100,1894
10.2500,1895
10.1800,1896
10.1600,1897
10.2000,1898
10.1100,1899
10.0300,1900
10.0700,1901
10.0600,1902
10.0600,1903
10.3400,1904
10.3300,1905
10.6100,1906
10.6300,1907
10.4600,1908
10.3900,1909
10.4400,1910
10.4300,1911
10.3400,1912
10.3800,1913
10.3000,1914
10.2800,1915
10.3200,1916
10.3500,1917
10.4100,1918
10.3300,1919
10.1400,1920
10.2700,1921
10.2700,1922
10.3500,1923
10.5300,1924
10.5700,1925
10.6500,1926
10.6800,1927
10.7000,1928
10.6400,1929
10.6700,1930
10.6100,1931
10.6800,1932
10.5800,1933
10.4800,1934
10.5500,1935
10.3500,1936
10.4500,1937
10.4700,1938
10.5000,1939
10.6100,1940
10.5500,1941
10.4800,1942
10.6000,1943
10.5700,1944
10.5800,1945
10.7400,1946
11.0500,1947
11.1900,1948
12.2000,1949
12.1100,1950
12.1400,1951
11.9900,1952
11.6000,1953
11.6600,1954
11.3800,1955
11.1800,1956
11.2000,1957
11.2700,1958
11.5200,1959
11.5400,1960
11.6200,1961
10.8400,1962
10.4200,1963
10.3700,1964
10.3900,1965
10.5100,1966
10.4000,1967
10.3600,1968
10.4100,1969
10.6600,1970
10.5100,1971
10.5300,1972
10.4300,1973
10.5200,1974
10.4700,1975
10.5600,1976
10.5100,1977
10.5900,1978
10.8400,1979
10.6900,1980
10.5800,1981
10.4700,1982
10.5000,1983
10.4600,1984
10.4500,1985
10.3700,1986
10.3500,1987
10.4600,1988
10.3600,1989
10.2900,1990
10.1800,1991
10.1200,1992
10.0700,1993
10.0100,1994
10.0500,1995
10.0100,1996
9.9600,1997
9.9200,1998
9.9000,1999
9.8600,2000
9.8600,2001
9.8300,2002
9.9400,2003
9.8400,2004
9.7000,2005
9.6300,2006
9.5000,2007
9.4700,2008
9.4600,2009
9.4300,2010
9.3900,2011
9.4200,2012
9.5900,2013
9.5400,2014
9.5300,2015
9.6200,2016
9.7200,2017
9.6500,2018
9.5800,2019
9.7000,2020
9.6500,2021
9.7000,2022
9.6000,2023
9.4800,2024
9.4000,2025
9.3700,2026
9.2600,2027
9.2500,2028
9.3000,2029
9.3400,2030
9.3600,2031
9.3900,2032
9.4300,2033
9.4600,2034
9.5600,2035
9.4300,2036
9.3600,2037
9.4500,2038
9.5300,2039
9.7000,2040
9.7400,2041
9.6700,2042
9.9000,2043
9.8500,2044
9.8100,2045
9.9800,2046
10.2000,2047
10.0600,2048
10.3000,2049
10.2500,2050
10.2400,2051
10.1700,2052
9.9900,2053
9.9800,2054
9.9100,2055
9.8200,2056
9.7000,2057
9.7500,2058
9.7100,2059
9.6500,2060
9.7700,2061
9.7600,2062
9.7500,2063
9.6100,2064
9.5500,2065
9.5500,2066
9.5800,2067
9.5700,2068
9.5300,2069
9.5000,2070
9.6800,2071
9.6900,2072
9.6800,2073
9.8200,2074
9.8100,2075
9.8300,2076
9.6900,2077
9.7800,2078
9.8400,2079
9.8700,2080
9.9200,2081
10.0800,2082
10.1600,2083
9.9800,2084
9.9700,2085
9.7900,2086
9.7200,2087
9.6800,2088
9.7300,2089
9.6600,2090
9.9600,2091
10.4400,2092
10.2200,2093
10.2600,2094
10.2800,2095
10.7200,2096
10.7200,2097
10.6800,2098
10.6900,2099
10.8300,2100
10.9700,2101
10.7100,2102
10.7800,2103
10.6000,2104
10.8000,2105
10.5400,2106
10.5800,2107
10.4700,2108
10.9200,2109
10.8800,2110
10.8600,2111
10.7500,2112
10.7300,2113
10.7200,2114
10.9000,2115
10.9000,2116
11.1200,2117
11.1100,2118
10.9200,2119
11.0300,2120
10.6500,2121
10.7500,2122
10.7800,2123
10.6800,2124
10.6300,2125
10.6200,2126
10.4800,2127
11.0100,2128
10.9900,2129
10.8900,2130
10.7600,2131
10.7000,2132
10.6500,2133
10.6600,2134
10.5900,2135
10.7300,2136
10.7600,2137
10.5900,2138
10.4300,2139
10.5400,2140
10.5800,2141
10.5000,2142
10.5800,2143
10.4300,2144
10.4300,2145
10.3000,2146
10.2700,2147
10.2500,2148
10.5400,2149
10.0500,2150
10.1000,2151
10.0300,2152
9.9500,2153
10.0500,2154
10.1200,2155
10.0900,2156
10.1900,2157
10.2100,2158
10.2200,2159
10.1200,2160
10.1600,2161
10.0900,2162
10.0900,2163
10.3200,2164
10.3500,2165
10.2900,2166
10.3500,2167
10.2700,2168
10.1900,2169
10.2200,2170
10.2300,2171
10.2300,2172
10.2300,2173
10.3100,2174
10.2100,2175
10.2300,2176
10.1700,2177
10.0300,2178
10.0500,2179
10.0400,2180
10.1000,2181
10.0400,2182
10.0000,2183
9.9900,2184
10.0200,2185
10.0800,2186
10.0100,2187
9.9800,2188
10.0000,2189
10.0300,2190
9.9300,2191
9.9200,2192
9.9900,2193
10.0300,2194
9.9400,2195
9.9100,2196
9.9100,2197
9.9600,2198
9.8300,2199
9.9400,2200
9.9800,2201
10.0100,2202
9.9900,2203
9.5500,2204
9.6400,2205
9.5800,2206
9.3400,2207
9.1500,2208
9.2100,2209
9.1200,2210
9.0300,2211
9.1300,2212
9.1200,2213
9.0700,2214
9.0500,2215
9.0800,2216
9.1700,2217
9.2000,2218
9.2100,2219
9.1700,2220
9.1800,2221
9.2200,2222
9.1900,2223
9.3300,2224
9.2300,2225
9.2700,2226
9.2000,2227
9.2100,2228
9.1900,2229
9.1400,2230
9.1700,2231
8.9600,2232
9.0500,2233
9.1800,2234
9.2300,2235
9.2400,2236
9.2100,2237
9.3400,2238
9.3400,2239
9.3000,2240
9.4100,2241
9.3900,2242
9.2100,2243
9.1900,2244
9.1200,2245
9.1100,2246
9.0300,2247
9.0300,2248
9.0200,2249
9.0200,2250
9.0300,2251
9.0200,2252
9.0000,2253
9.0800,2254
9.1500,2255
9.1400,2256
9.0700,2257
9.0400,2258
9.0700,2259
9.0200,2260
9.0100,2261
9.0200,2262
9.0400,2263
9.0700,2264
9.0300,2265
9.0300,2266
8.9900,2267
8.9600,2268
8.9400,2269
8.7200,2270
8.5400,2271
8.5300,2272
8.5100,2273
8.5300,2274
8.4900,2275
8.5400,2276
8.4800,2277
8.6200,2278
8.6500,2279
8.7500,2280
8.7300,2281
8.6500,2282
8.5600,2283
8.6500,2284
8.6000,2285
8.6300,2286
8.6800,2287
8.6400,2288
8.5600,2289
8.5900,2290
8.5100,2291
8.5600,2292
8.5800,2293
8.5900,2294
8.6000,2295
8.6800,2296
8.6700,2297
8.7500,2298
8.7700,2299
8.6500,2300
8.5700,2301
8.5500,2302
8.6000,2303
8.5600,2304
8.5800,2305
8.6100,2306
8.5700,2307
8.5800,2308
8.5400,2309
8.5600,2310
8.5700,2311
8.5400,2312
8.5400,2313
8.5300,2314
8.5700,2315
8.6400,2316
8.5700,2317
8.7100,2318
8.7200,2319
8.7300,2320
8.6900,2321
8.7200,2322
8.5900,2323
8.5700,2324
8.6300,2325
8.6400,2326
8.8000,2327
8.7600,2328
8.6900,2329
8.5600,2330
8.5700,2331
8.4500,2332
8.4100,2333
8.5200,2334
8.6500,2335
8.6400,2336
8.6900,2337
8.7400,2338
8.6000,2339
8.5500,2340
8.5900,2341
8.5600,2342
8.6700,2343
8.6000,2344
8.5800,2345
8.5400,2346
8.4400,2347
8.4300,2348
8.3900,2349
8.4400,2350
8.4200,2351
8.4600,2352
8.4000,2353
8.2900,2354
8.0800,2355
7.9000,2356
7.9200,2357
8.0100,2358
7.9100,2359
7.6300,2360
7.7700,2361
7.7400,2362
7.9000,2363
7.7600,2364
7.8300,2365
7.8000,2366
7.8000,2367
7.8000,2368
7.8600,2369
7.8200,2370
7.9200,2371
8.0000,2372
8.0700,2373
8.1700,2374
8.0700,2375
8.1100,2376
8.0100,2377
8.1100,2378
8.1000,2379
8.1100,2380
8.1500,2381
8.0300,2382
8.1400,2383
8.1100,2384
8.0700,2385
8.0900,2386
7.8200,2387
7.8700,2388
7.8300,2389
7.9900,2390
8.0300,2391
7.9900,2392
7.8500,2393
7.8200,2394
7.8500,2395
7.8600,2396
7.8700,2397
8.0500,2398
7.9700,2399
8.0200,2400
7.9500,2401
7.9100,2402
8.0400,2403
7.9500,2404
7.8800,2405
7.8800,2406
7.9000,2407
8.0000,2408
7.8800,2409
7.9400,2410
7.9100,2411
7.8900,2412
7.8600,2413
7.8800,2414
7.8600,2415
7.9500,2416
7.9300,2417
7.7700,2418
7.8700,2419
8.0300,2420
7.9200,2421
7.9700,2422
7.9100,2423
7.9700,2424
7.9200,2425
7.9700,2426
7.9500,2427
7.9700,2428
8.0400,2429
8.0500,2430
8.0100,2431
7.9900,2432
7.9600,2433
7.9800,2434
7.9000,2435
7.8700,2436
7.8800,2437
7.8700,2438
7.9100,2439
7.8500,2440
7.7900,2441
7.6700,2442
7.7900,2443
7.8100,2444
7.7900,2445
7.3300,2446
7.3500,2447
7.3500,2448
7.3800,2449
7.3400,2450
7.3300,2451
7.2600,2452
7.2300,2453
7.1400,2454
7.0700,2455
7.0900,2456
7.1500,2457
7.1200,2458
7.1200,2459
7.0900,2460
7.1800,2461
7.2400,2462
7.2100,2463
7.1900,2464
7.2800,2465
7.2100,2466
7.2000,2467
7.2300,2468
7.1700,2469
7.1500,2470
7.2000,2471
7.2200,2472
7.1500,2473
7.1900,2474
7.2700,2475
7.2300,2476
7.2100,2477
7.2600,2478
7.2600,2479
7.2200,2480
7.2400,2481
7.3100,2482
7.3500,2483
7.2800,2484
7.3200,2485
7.1400,2486
7.1600,2487
7.1100,2488
7.1300,2489
7.1200,2490
7.1600,2491
7.0600,2492
7.0700,2493
7.0800,2494
6.9900,2495
7.0400,2496
7.0300,2497
7.0100,2498
7.0500,2499
7.0000,2500
7.0300,2501
7.0200,2502
7.0200,2503
6.9700,2504
6.9700,2505
6.9200,2506
6.8100,2507
6.8400,2508
6.8200,2509
6.8200,2510
6.8000,2511
6.6400,2512
6.7400,2513
6.7100,2514
6.6600,2515
6.7900,2516
6.8100,2517
6.7900,2518
6.7900,2519
6.7800,2520
6.9400,2521
7.0300,2522
7.0600,2523
7.0300,2524
6.9800,2525
6.9100,2526
6.8800,2527
7.0200,2528
7.0500,2529
7.0300,2530
7.1700,2531
7.0700,2532
7.2700,2533
7.2200,2534
7.2200,2535
7.2300,2536
7.3600,2537
7.3600,2538
7.3400,2539
7.3800,2540
7.3200,2541
7.2600,2542
7.3200,2543
7.3200,2544
7.2400,2545
7.3500,2546
7.2400,2547
7.1400,2548
7.1900,2549
7.2400,2550
7.1900,2551
7.1000,2552
7.2200,2553
7.3000,2554
7.2400,2555
7.2800,2556
7.2300,2557
7.3100,2558
7.3500,2559
7.3400,2560
7.3400,2561
7.2800,2562
7.3000,2563
7.2700,2564
7.3400,2565
7.3300,2566
7.3000,2567
7.3100,2568
7.3300,2569
7.3600,2570
7.4000,2571
7.3700,2572
7.3600,2573
7.3600,2574
7.2700,2575
7.2500,2576
7.2400,2577
7.2300,2578
7.2600,2579
7.2400,2580
7.2300,2581
7.2400,2582
7.2000,2583
7.1900,2584
7.1300,2585
7.2600,2586
7.2900,2587
7.2400,2588
7.2300,2589
7.1800,2590
7.1600,2591
7.1800,2592
7.2600,2593
7.2700,2594
7.3500,2595
7.3300,2596
7.3100,2597
7.3100,2598
7.2700,2599
7.1500,2600
7.0600,2601
7.0200,2602
7.0800,2603
7.1200,2604
7.1100,2605
7.1300,2606
7.1300,2607
7.1800,2608
7.2100,2609
7.2100,2610
7.1500,2611
7.1800,2612
7.1600,2613
7.1900,2614
7.1900,2615
7.1900,2616
7.2100,2617
7.1800,2618
7.2300,2619
7.2100,2620
7.1800,2621
7.2100,2622
7.2500,2623
7.2700,2624
7.3900,2625
7.5400,2626
7.5300,2627
7.6800,2628
7.5900,2629
7.4900,2630
7.5600,2631
7.4600,2632
7.4800,2633
7.6000,2634
7.6800,2635
7.7600,2636
8.0700,2637
7.9600,2638
7.7000,2639
7.6700,2640
7.6200,2641
7.6900,2642
7.6700,2643
7.6100,2644
7.6800,2645
7.5400,2646
7.5400,2647
7.4500,2648
7.2900,2649
7.3100,2650
7.3200,2651
7.4100,2652
7.3700,2653
7.3500,2654
7.2800,2655
7.3500,2656
7.4100,2657
7.3800,2658
7.4600,2659
7.5700,2660
7.5600,2661
7.4300,2662
7.4600,2663
7.4000,2664
7.4500,2665
7.4300,2666
7.3400,2667
7.2900,2668
7.2700,2669
7.1600,2670
7.1900,2671
7.2100,2672
7.1800,2673
7.2400,2674
7.3200,2675
7.2800,2676
7.2500,2677
7.2100,2678
7.2200,2679
7.2200,2680
7.2800,2681
7.2500,2682
7.4000,2683
7.4400,2684
7.4200,2685
7.3900,2686
7.4100,2687
7.4200,2688
7.1200,2689
7.1300,2690
7.2700,2691
7.2900,2692
7.3700,2693
7.5000,2694
7.6000,2695
7.6000,2696
7.4800,2697
7.5600,2698
7.5800,2699
7.5200,2700
7.5200,2701
7.5500,2702
7.4200,2703
7.2300,2704
7.1000,2705
7.1700,2706
7.1400,2707
7.1000,2708
7.0700,2709
6.9600,2710
7.0100,2711
7.0200,2712
6.9900,2713
7.0500,2714
7.1500,2715
7.0700,2716
7.0300,2717
6.9800,2718
7.0100,2719
7.1100,2720
7.0400,2721
7.0900,2722
7.0400,2723
7.0000,2724
7.0400,2725
7.0600,2726
7.0500,2727
7.1100,2728
7.1200,2729
7.0700,2730
7.1300,2731
7.1300,2732
7.1000,2733
7.1800,2734
7.1600,2735
7.1500,2736
7.1300,2737
7.1000,2738
7.0300,2739
7.0100,2740
7.0200,2741
7.1400,2742
7.1000,2743
7.0700,2744
7.0900,2745
7.0500,2746
6.8400,2747
6.8700,2748
6.8300,2749
6.8200,2750
6.9300,2751
6.9600,2752
6.9900,2753
6.8000,2754
6.8200,2755
6.8600,2756
6.9400,2757
6.8900,2758
6.9400,2759
6.9100,2760
6.9000,2761
6.9300,2762
6.8800,2763
6.8800,2764
6.8800,2765
6.9600,2766
6.9300,2767
6.8600,2768
6.9100,2769
6.9600,2770
6.9400,2771
6.9300,2772
6.9500,2773
6.9000,2774
6.8700,2775
6.8200,2776
6.8500,2777
6.8500,2778
6.8100,2779
6.7100,2780
6.6100,2781
6.6100,2782
6.6700,2783
6.7200,2784
6.7100,2785
6.7100,2786
6.6400,2787
6.5700,2788
6.5800,2789
6.5600,2790
6.5300,2791
6.5700,2792
6.5800,2793
6.5800,2794
6.5600,2795
6.6000,2796
6.6800,2797
6.6200,2798
6.6000,2799
6.6400,2800
6.6200,2801
6.6800,2802
6.5900,2803
6.6100,2804
6.5700,2805
6.5300,2806
6.5000,2807
6.5100,2808
6.5900,2809
6.5300,2810
6.5600,2811
6.5900,2812
6.5900,2813
6.6200,2814
6.7100,2815
6.7700,2816
6.8700,2817
6.9000,2818
6.8300,2819
6.8300,2820
6.8000,2821
6.8400,2822
6.8900,2823
7.0000,2824
6.9400,2825
6.9600,2826
7.1200,2827
7.1000,2828
7.2400,2829
7.2100,2830
7.2800,2831
7.1000,2832
7.1400,2833
7.1000,2834
7.1500,2835
7.1100,2836
7.0700,2837
7.1600,2838
7.1200,2839
7.1400,2840
7.1200,2841
7.1100,2842
7.1000,2843
7.0400,2844
7.0400,2845
7.0900,2846
7.0900,2847
7.0100,2848
7.0300,2849
7.1000,2850
7.0400,2851
7.0600,2852
7.1500,2853
7.1700,2854
7.1700,2855
7.1300,2856
7.2300,2857
7.2700,2858
7.2300,2859
7.2800,2860
7.2600,2861
7.2700,2862
7.2400,2863
7.1300,2864
7.3000,2865
7.2600,2866
7.3400,2867
7.3300,2868
7.3400,2869
7.2900,2870
7.3400,2871
7.3600,2872
7.4100,2873
7.4200,2874
7.4200,2875
7.7000,2876
7.8500,2877
7.8200,2878
7.8000,2879
7.8000,2880
7.9400,2881
7.9600,2882
7.8800,2883
7.8900,2884
8.0200,2885
8.1600,2886
8.3200,2887
8.4200,2888
8.5300,2889
8.5200,2890
8.4400,2891
8.5400,2892
8.5400,2893
8.4900,2894
8.4000,2895
8.3400,2896
8.2800,2897
8.3200,2898
8.2900,2899
8.2500,2900
8.3100,2901
8.1500,2902
8.1100,2903
8.1300,2904
8.1400,2905
8.1000,2906
8.0900,2907
8.2200,2908
8.2000,2909
8.1700,2910
8.1500,2911
8.2000,2912
8.2100,2913
8.2200,2914
8.2300,2915
8.2800,2916
8.5300,2917
8.5300,2918
8.5000,2919
8.3400,2920
8.4300,2921
8.6400,2922
8.6900,2923
8.6000,2924
8.8400,2925
8.8800,2926
8.8600,2927
9.0400,2928
8.7700,2929
8.7300,2930
8.5800,2931
8.5900,2932
8.5500,2933
8.5200,2934
8.3300,2935
8.5300,2936
8.3900,2937
8.4000,2938
8.5700,2939
8.4700,2940
8.3800,2941
8.2400,2942
8.3100,2943
8.3800,2944
8.5300,2945
8.5800,2946
8.5900,2947
8.5700,2948
8.7400,2949
8.8500,2950
9.0200,2951
8.9100,2952
8.9600,2953
9.0100,2954
9.0000,2955
8.8800,2956
8.8800,2957
8.8200,2958
8.5500,2959
8.4300,2960
8.3900,2961
8.2500,2962
8.3200,2963
8.3200,2964
8.4300,2965
8.3800,2966
8.5000,2967
8.2500,2968
8.4700,2969
8.3500,2970
8.3200,2971
8.5200,2972
8.5100,2973
8.6300,2974
9.0900,2975
9.4900,2976
9.8400,2977
9.8700,2978
10.1300,2979
10.5000,2980
9.9100,2981
10.3100,2982
10.1600,2983
10.4000,2984
10.2500,2985
10.3400,2986
10.2200,2987
10.1500,2988
10.1600,2989
10.1300,2990
10.1800,2991
10.1400,2992
10.0800,2993
10.0600,2994
9.9900,2995
9.9400,2996
9.8400,2997
9.9400,2998
9.9900,2999
10.0600,3000
9.9500,3001
10.2800,3002
10.0600,3003
9.7200,3004
9.6600,3005
9.6300,3006
9.6500,3007
9.5400,3008
9.8300,3009
9.7900,3010
9.7100,3011
9.7200,3012
9.4800,3013
9.3300,3014
9.3100,3015
9.4300,3016
9.4400,3017
9.4600,3018
9.4900,3019
9.6500,3020
9.7500,3021
9.6400,3022
9.7000,3023
9.6600,3024
9.8000,3025
9.6300,3026
9.8200,3027
9.6600,3028
9.6400,3029
9.5300,3030
9.5400,3031
9.5300,3032
9.5800,3033
9.9300,3034
10.1300,3035
10.3500,3036
10.3400,3037
10.3600,3038
10.4700,3039
10.2900,3040
