t,y_pred_A
1,
2,-2.0528011
3,-2.0528011
4,-2.0528011
5,-2.0528011
6,-2.0528011
7,-2.0528011
8,-2.0528011
9,-2.0528011
10,-2.0528011
11,-2.0528011
12,-2.0528011
13,-2.0528011
14,-2.0528011
15,-2.0528011
16,-2.0528011
17,-2.0528011
18,-2.0528011
19,-2.0528011
20,-2.0528011
21,-2.0528011
22,-2.0528011
23,-2.0528011
24,-2.0528011
25,-2.0528011
26,-2.0528011
27,-2.0528011
28,-2.0528011
29,-2.0528011
30,-2.0528011
31,-2.0528011
32,-2.0528011
33,-2.0528011
34,-2.0528011
35,-2.0528011
36,-2.0528011
37,-2.0528011
38,-2.0528011
39,-2.0528011
40,-2.0528011
41,-2.0528011
42,-2.0528011
43,-2.0528011
44,-2.0528011
45,-2.0528011
46,-2.0528011
47,-2.0528011
48,-2.0528011
49,-2.0528011
50,-2.0528011
51,-2.0528011
52,-2.0528011
53,-2.0528011
54,-2.0528011
55,-2.0528011
56,-2.0528011
57,-2.0528011
58,-2.0528011
59,-2.0528011
60,-2.0528011
61,-2.0528011
62,-2.0528011
63,-2.0528011
64,-2.0528011
65,-2.0528011
66,-2.0528011
67,-2.0528011
68,-2.0528011
69,-2.0528011
70,-2.0528011
71,-2.0528011
72,-2.0528011
73,-2.0528011
74,-2.0528011
75,-2.0528011
76,-2.0528011
77,-2.0528011
78,-2.0528011
79,-2.0528011
80,-2.0528011
81,-2.0528011
82,-2.0528011
83,-2.0528011
84,-2.0528011
85,-2.0528011
86,-2.0528011
87,-2.0528011
88,-2.0528011
89,-2.0528011
90,-2.0528011
91,-2.0528011
92,-2.0528011
93,-2.0528011
94,-2.0528011
95,-2.0528011
96,-2.0528011
97,-2.0528011
98,-2.0528011
99,-2.0528011
100,-2.0528011
101,-2.0528011
102,-2.0528011
103,-2.0528011
104,-2.0528011
105,-2.0528011
106,-2.0528011
107,-2.0528011
108,-2.0528011
109,-2.0528011
110,-2.0528011
111,-2.0528011
112,-2.0528011
113,-2.0528011
114,-2.0528011
115,-2.0528011
116,-2.0528011
117,-2.0528011
118,-2.0528011
119,-2.0528011
120,-2.0528011
121,-2.0528011
122,-2.0528011
123,-2.0528011
124,-2.0528011
125,-2.0528011
126,-2.0528011
127,-2.0528011
128,-2.0528011
129,-2.0528011
130,-2.0528011
131,-2.0528011
132,-2.0528011
133,-2.0528011
134,-2.0528011
135,-2.0528011
136,-2.0528011
137,-2.0528011
138,-2.0528011
139,-2.0528011
140,-2.0528011
141,-2.0528011
142,-2.0528011
143,-2.0528011
144,-2.0528011
145,-2.0528011
146,-2.0528011
147,-2.0528011
148,-2.0528011
149,-2.0528011
150,-2.0528011
151,-2.0528011
152,-2.0528011
153,-2.0528011
154,-2.0528011
155,-2.0528011
156,-2.0528011
157,-2.0528011
158,-2.0528011
159,-2.0528011
160,-2.0528011
161,-2.0528011
162,-2.0528011
163,-2.0528011
164,-2.0528011
165,-2.0528011
166,-2.0528011
167,-2.0528011
168,-2.0528011
169,-2.0528011
170,-2.0528011
171,-2.0528011
172,-2.0528011
173,-2.0528011
174,-2.0528011
175,-2.0528011
176,-2.0528011
177,-2.0528011
178,-2.0528011
179,-2.0528011
180,-2.0528011
181,-2.0528011
182,-2.0528011
183,-2.0528011
184,-2.0528011
185,-2.0528011
186,-2.0528011
187,-2.0528011
188,-2.0528011
189,-2.0528011
190,-2.0528011
191,-2.0528011
192,-2.0528011
193,-2.0528011
194,-2.0528011
195,-2.0528011
196,-2.0528011
197,-2.0528011
198,-2.0528011
199,-2.0528011
200,-2.0528011
201,-2.0528011
202,-2.0528011
203,-2.0528011
204,-2.0528011
205,-2.0528011
206,-2.0528011
207,-2.0528011
208,-2.0528011
209,-2.0528011
210,-2.0528011
211,-2.0528011
212,-2.0528011
213,-2.0528011
214,-2.0528011
215,-2.0528011
216,-2.0528011
217,-2.0528011
218,-2.0528011
219,-2.0528011
220,-2.0528011
221,-2.0528011
222,-2.0528011
223,-2.0528011
224,-2.0528011
225,-2.0528011
226,-2.0528011
227,-2.0528011
228,-2.0528011
229,-2.0528011
230,-2.0528011
231,-2.0528011
232,-2.0528011
233,-2.0528011
234,-2.0528011
235,-2.0528011
236,-2.0528011
237,-2.0528011
238,-2.0528011
239,-2.0528011
240,-2.0528011
241,-2.0528011
242,-2.0528011
243,-2.0528011
244,-2.0528011
245,-2.0528011
246,-2.0528011
247,-2.0528011
248,-2.0528011
249,-2.0528011
250,-2.0528011
251,-2.0528011
252,-2.0528011
253,-2.0528011
254,-2.0528011
255,-2.0528011
256,-2.0528011
257,-2.0528011
258,-2.0528011
259,-2.0528011
260,-2.0528011
261,-2.0528011
262,-2.0528011
263,-2.0528011
264,-2.0528011
265,-2.0528011
266,-2.0528011
267,-2.0528011
268,-2.0528011
269,-2.0528011
270,-2.0528011
271,-2.0528011
272,-2.0528011
273,-2.0528011
274,-2.0528011
275,-2.0528011
276,-2.0528011
277,-2.0528011
278,-2.0528011
279,-2.0528011
280,-2.0528011
281,-2.0528011
282,-2.0528011
283,-2.0528011
284,-2.0528011
285,-2.0528011
286,-2.0528011
287,-2.0528011
288,-2.0528011
289,-2.0528011
290,-2.0528011
291,-2.0528011
292,-2.0528011
293,-2.0528011
294,-2.0528011
295,-2.0528011
296,-2.0528011
297,-2.0528011
298,-2.0528011
299,-2.0528011
300,-2.0528011
301,-2.0528011
302,-2.0528011
303,-2.0528011
304,-2.0528011
305,-2.0528011
306,-2.0528011
307,-2.0528011
308,-2.0528011
309,-2.0528011
310,-2.0528011
311,-2.0528011
312,-2.0528011
313,-2.0528011
314,-2.0528011
315,-2.0528011
316,-2.0528011
317,-2.0528011
318,-2.0528011
319,-2.0528011
320,-2.0528011
321,-2.0528011
322,-2.0528011
323,-2.0528011
324,-2.0528011
325,-2.0528011
326,-2.0528011
327,-2.0528011
328,-2.0528011
329,-2.0528011
330,-2.0528011
331,-2.0528011
332,-2.038231957142857
333,-2.0236628142857143
334,-2.0090936714285714
335,-1.9945245285714286
336,-1.9799553857142858
337,-1.965386242857143
338,-1.9508171
339,-1.9533045146341463
340,-1.9557919292682928
341,-1.958279343902439
342,-1.9607667585365853
343,-1.9632541731707318
344,-1.965741587804878
345,-1.9682290024390245
346,-1.9707164170731708
347,-1.973203831707317
348,-1.9756912463414635
349,-1.9781786609756098
350,-1.980666075609756
351,-1.9831534902439025
352,-1.9856409048780488
353,-1.988128319512195
354,-1.9906157341463415
355,-1.9931031487804878
356,-1.9955905634146343
357,-1.9980779780487805
358,-2.000565392682927
359,-2.003052807317073
360,-2.0055402219512195
361,-2.008027636585366
362,-2.010515051219512
363,-2.0130024658536585
364,-2.015489880487805
365,-2.017977295121951
366,-2.0204647097560975
367,-2.022952124390244
368,-2.02543953902439
369,-2.0279269536585365
370,-2.030414368292683
371,-2.0329017829268294
372,-2.0353891975609755
373,-2.037876612195122
374,-2.0403640268292684
375,-2.0428514414634145
376,-2.045338856097561
377,-2.0478262707317074
378,-2.0503136853658535
379,-2.0528011
380,-2.0528011
381,-2.0528011
382,-2.0528011
383,-2.0528011
384,-2.0528011
385,-2.0528011
386,-2.0528011
387,-2.0528011
388,-2.0528011
389,-2.0528011
390,-2.0528011
391,-2.0528011
392,-2.0528011
393,-1.9508171
394,-1.9712139
395,-1.9916107
396,-2.0120075
397,-2.0324043
398,-2.0528011
399,-2.0528011
400,-2.0528011
401,-2.0528011
402,-2.0528011
403,-2.0528011
404,-2.0528011
405,-2.0528011
406,-2.0528011
407,-2.0528011
408,-2.0528011
409,-2.0528011
410,-2.0528011
411,-2.0528011
412,-2.0528011
413,-2.0528011
414,-2.0528011
415,-2.0528011
416,-2.0528011
417,-2.0528011
418,-2.0528011
419,-2.0528011
420,-2.0528011
421,-2.0528011
422,-2.0528011
423,-2.0528011
424,-2.0528011
425,-2.0528011
426,-2.0528011
427,-2.0528011
428,-2.0528011
429,-2.0528011
430,-2.0528011
431,-2.0528011
432,-2.0528011
433,-2.0528011
434,-2.0528011
435,-2.0528011
436,-2.0528011
437,-2.0528011
438,-2.0528011
439,-2.0528011
440,-2.0528011
441,-2.0528011
442,-2.0528011
443,-2.0528011
444,-2.0528011
445,-2.0528011
446,-2.0528011
447,-2.0528011
448,-2.0528011
449,-2.0528011
450,-2.0528011
451,-2.0528011
452,-2.0528011
453,-2.0528011
454,-2.0358037666666666
455,-2.0188064333333333
456,-2.0018091
457,-1.9890611
458,-1.9763131
459,-1.9635651
460,-1.9508171
461,-1.8998248142857144
462,-1.8488325285714287
463,-1.797840242857143
464,-1.7468479571428572
465,-1.6958556714285715
466,-1.6448633857142858
467,-1.5938711
468,-1.6512373500000002
469,-1.7086036
470,-1.76596985
471,-1.8233361000000001
472,-1.88070235
473,-1.9380686
474,-1.99543485
475,-2.0528011
476,-2.0491588142857142
477,-2.0455165285714285
478,-2.041874242857143
479,-2.038231957142857
480,-2.0345896714285714
481,-2.0309473857142857
482,-2.0273051
483,-2.0236628142857143
484,-2.0200205285714286
485,-2.016378242857143
486,-2.012735957142857
487,-2.0090936714285714
488,-2.0054513857142857
489,-2.0018091
490,-1.97631285
491,-1.9508166
492,-1.92532035
493,-1.8998241
494,-1.9049234
495,-1.9100227
496,-1.915122
497,-1.9202213000000001
498,-1.9253206
499,-1.9304199
500,-1.9355192
501,-1.9406185
502,-1.9457178000000002
503,-1.9508171
504,-1.9521589947368423
505,-1.9535008894736843
506,-1.9548427842105265
507,-1.9561846789473685
508,-1.9575265736842107
509,-1.9588684684210527
510,-1.9602103631578949
511,-1.9615522578947369
512,-1.962894152631579
513,-1.964236047368421
514,-1.9655779421052633
515,-1.9669198368421053
516,-1.9682617315789475
517,-1.9696036263157894
518,-1.9709455210526317
519,-1.9722874157894736
520,-1.9736293105263158
521,-1.9749712052631578
522,-1.9763131
523,-1.9776549947368423
524,-1.9789968894736842
525,-1.9803387842105264
526,-1.9816806789473684
527,-1.9830225736842106
528,-1.9843644684210526
529,-1.9857063631578948
530,-1.9870482578947368
531,-1.988390152631579
532,-1.989732047368421
533,-1.9910739421052632
534,-1.9924158368421052
535,-1.9937577315789474
536,-1.9950996263157894
537,-1.9964415210526316
538,-1.9977834157894736
539,-1.9991253105263158
540,-2.000467205263158
541,-2.0018091
542,-1.9739951454545455
543,-1.946181190909091
544,-1.9183672363636364
545,-1.8905532818181818
546,-1.8627393272727273
547,-1.8349253727272727
548,-1.8071114181818182
549,-1.7792974636363637
550,-1.751483509090909
551,-1.7236695545454546
552,-1.6958556
553,-1.6680416454545455
554,-1.640227690909091
555,-1.6124137363636364
556,-1.5845997818181818
557,-1.5567858272727273
558,-1.5289718727272728
559,-1.5011579181818182
560,-1.4733439636363637
561,-1.4455300090909091
562,-1.4177160545454546
563,-1.3899021
564,-1.9508171
565,-1.8798714043478262
566,-1.8089257086956523
567,-1.7379800130434784
568,-1.6670343173913045
569,-1.5960886217391306
570,-1.5251429260869567
571,-1.4541972304347826
572,-1.3832515347826089
573,-1.3123058391304347
574,-1.241360143478261
575,-1.170414447826087
576,-1.099468752173913
577,-1.0285230565217391
578,-0.9575773608695652
579,-0.8866316652173913
580,-0.8156859695652174
581,-0.7447402739130435
582,-0.6737945782608696
583,-0.6028488826086957
584,-0.5319031869565218
585,-0.46095749130434793
586,-0.39001179565217403
587,-0.3190661
588,-0.4210504642857143
589,-0.5230348285714286
590,-0.6250191928571428
591,-0.727003557142857
592,-0.8289879214285714
593,-0.9309722857142856
594,-1.03295665
595,-1.1349410142857141
596,-1.2369253785714283
597,-1.3389097428571426
598,-1.440894107142857
599,-1.5428784714285713
600,-1.6448628357142856
601,-1.7468472
602,-1.7787174374999999
603,-1.8105876749999998
604,-1.8424579125
605,-1.87432815
606,-1.9061983875
607,-1.938068625
608,-1.9699388625
609,-2.0018091
610,-1.7502474266666668
611,-1.4986857533333333
612,-1.2471240799999999
613,-0.9955624066666666
614,-0.7440007333333334
615,-0.49243905999999993
616,-0.24087738666666647
617,0.010684286666666765
618,0.26224596
619,0.5138076333333332
620,0.7653693066666669
621,1.0169309800000002
622,1.2684926533333334
623,1.520054326666667
624,1.771616
625,1.2234494675
626,0.675282935
627,0.1271164025
628,-0.42105013
629,-0.34260051230769234
630,-0.26415089461538466
631,-0.18570127692307697
632,-0.10725165923076929
633,-0.02880204153846161
634,0.049647576153846074
635,0.1280971938461537
636,0.20654681153846144
637,0.2849964292307692
638,0.3634460469230768
639,0.44189566461538443
640,0.5203452823076922
641,0.5987949
642,-1.1349411
643,-0.09469968000000017
644,0.9455417399999997
645,1.9857831599999993
646,3.0260245799999996
647,4.066266
648,3.0464215
649,2.026577
650,2.2166389090909093
651,2.406700818181818
652,2.5967627272727274
653,2.786824636363636
654,2.9768865454545455
655,3.1669484545454543
656,3.3570103636363635
657,3.5470722727272728
658,3.7371341818181816
659,3.9271960909090904
660,4.117258
661,3.92603715
662,3.7348163
663,3.5435954499999998
664,3.3523746
665,3.48240477
666,3.61243494
667,3.74246511
668,3.87249528
669,4.00252545
670,4.13255562
671,4.26258579
672,4.3926159600000005
673,4.52264613
674,4.6526762999999995
675,4.78270647
676,4.91273664
677,5.04276681
678,5.17279698
679,5.302827150000001
680,5.43285732
681,5.56288749
682,5.69291766
683,5.82294783
684,5.952978
685,6.296325666666666
686,6.639673333333333
687,6.983021
688,7.326368666666666
689,7.669716333333333
690,8.013064
691,8.356411666666666
692,8.699759333333333
693,9.043107
694,9.386454666666666
695,9.729802333333332
696,10.073149999999998
697,10.416497666666665
698,10.759845333333333
699,11.103193
700,11.14143725
701,11.1796815
702,11.21792575
703,11.25617
704,10.338309942857142
705,9.420449885714286
706,8.502589828571427
707,7.584729771428571
708,6.666869714285714
709,5.749009657142857
710,4.8311496
711,4.895560821052632
712,4.959972042105263
713,5.024383263157895
714,5.088794484210526
715,5.153205705263158
716,5.217616926315789
717,5.282028147368421
718,5.346439368421052
719,5.410850589473684
720,5.475261810526316
721,5.539673031578947
722,5.604084252631578
723,5.66849547368421
724,5.732906694736842
725,5.797317915789473
726,5.861729136842105
727,5.926140357894736
728,5.990551578947368
729,6.0549628
730,6.119374021052631
731,6.183785242105262
732,6.248196463157894
733,6.312607684210526
734,6.377018905263157
735,6.441430126315789
736,6.5058413473684205
737,6.570252568421052
738,6.6346637894736835
739,6.6990750105263155
740,6.763486231578947
741,6.8278974526315785
742,6.8923086736842105
743,6.956719894736842
744,7.021131115789473
745,7.085542336842105
746,7.149953557894737
747,7.214364778947368
748,7.278776
749,7.836503437499999
750,8.394230875
751,8.951958312499999
752,9.50968575
753,10.067413187499998
754,10.625140624999998
755,11.182868062499999
756,11.740595499999998
757,12.298322937499998
758,12.856050374999999
759,13.413777812499998
760,13.971505249999998
761,14.529232687499999
762,15.086960124999997
763,15.644687562499996
764,16.202415
765,15.216565333333332
766,14.230715666666667
767,13.244866
768,12.598964666666667
769,11.953063333333333
770,11.307162
771,10.57627345
772,9.845384899999999
773,9.11449635
774,8.3836078
775,7.6527192500000005
776,6.9218307
777,8.426101275
778,9.93037185
779,11.434642425
780,12.938913
781,12.611712916666667
782,12.284512833333332
783,11.95731275
784,11.630112666666665
785,11.302912583333333
786,10.9757125
787,10.648512416666666
788,10.321312333333333
789,9.994112249999999
790,9.666912166666666
791,9.339712083333332
792,9.012512
793,10.10884475
794,11.2051775
795,12.30151025
796,13.397843
797,13.409174666666667
798,13.420506333333334
799,13.431838
800,13.443169666666668
801,13.454501333333333
802,13.465833
803,13.477164666666667
804,13.488496333333334
805,13.499828
806,13.291223454545456
807,13.08261890909091
808,12.874014363636364
809,12.66540981818182
810,12.456805272727273
811,12.248200727272728
812,12.039596181818183
813,11.830991636363636
814,11.622387090909092
815,11.413782545454545
816,11.205178
817,11.75334445
818,12.3015109
819,12.84967735
820,13.3978438
821,13.94601025
822,14.4941767
823,15.04234315
824,15.5905096
825,16.13867605
826,16.6868425
827,17.23500895
828,17.7831754
829,18.33134185
830,18.8795083
831,19.42767475
832,19.9758412
833,20.52400765
834,21.0721741
835,21.62034055
836,22.168507
837,21.980640842105263
838,21.792774684210528
839,21.60490852631579
840,21.417042368421054
841,21.229176210526315
842,21.04131005263158
843,20.85344389473684
844,20.665577736842106
845,20.477711578947368
846,20.289845421052632
847,20.101979263157894
848,19.91411310526316
849,19.72624694736842
850,19.538380789473685
851,19.350514631578946
852,19.16264847368421
853,18.974782315789472
854,18.786916157894737
855,18.59905
856,17.8681615
857,17.137273
858,16.406384499999998
859,15.675495999999999
860,14.9446075
861,14.213719
862,13.431837999999999
863,12.649957
864,11.868076
865,12.509121142857143
866,13.150166285714285
867,13.791211428571428
868,14.43225657142857
869,15.073301714285712
870,15.714346857142855
871,16.355392
872,17.011006428571427
873,17.666620857142856
874,18.322235285714285
875,18.977849714285714
876,19.633464142857143
877,20.289078571428572
878,20.944693
879,21.14866
880,20.001336000000002
881,18.854012
882,18.90568410666667
883,18.957356213333334
884,19.009028320000002
885,19.060700426666667
886,19.112372533333335
887,19.16404464
888,19.21571674666667
889,19.267388853333333
890,19.31906096
891,19.370733066666666
892,19.422405173333335
893,19.47407728
894,19.525749386666668
895,19.577421493333333
896,19.6290936
897,19.68076570666667
898,19.732437813333334
899,19.784109920000002
900,19.835782026666667
901,19.887454133333335
902,19.93912624
903,19.99079834666667
904,20.042470453333333
905,20.09414256
906,20.145814666666666
907,20.197486773333335
908,20.24915888
909,20.300830986666668
910,20.352503093333333
911,20.4041752
912,20.45584730666667
913,20.507519413333334
914,20.559191520000002
915,20.610863626666667
916,20.662535733333335
917,20.71420784
918,20.76587994666667
919,20.817552053333333
920,20.86922416
921,20.920896266666666
922,20.972568373333335
923,21.02424048
924,21.075912586666668
925,21.127584693333333
926,21.1792568
927,21.23092890666667
928,21.282601013333334
929,21.334273120000002
930,21.385945226666667
931,21.437617333333336
932,21.48928944
933,21.54096154666667
934,21.592633653333333
935,21.64430576
936,21.695977866666667
937,21.747649973333335
938,21.79932208
939,21.850994186666668
940,21.902666293333333
941,21.9543384
942,22.00601050666667
943,22.057682613333334
944,22.109354720000002
945,22.161026826666667
946,22.212698933333336
947,22.26437104
948,22.31604314666667
949,22.367715253333333
950,22.41938736
951,22.471059466666667
952,22.522731573333335
953,22.57440368
954,22.626075786666668
955,22.677747893333333
956,22.72942
957,21.862553
958,22.20675025
959,22.5509475
960,22.89514475
961,23.239342
962,22.848401666666668
963,22.457461333333335
964,22.066521
965,21.67558066666667
966,21.284640333333336
967,20.893700000000003
968,20.50275966666667
969,20.111819333333333
970,19.720879
971,19.329938666666667
972,18.938998333333334
973,18.548058
974,17.987143333333336
975,17.426228666666667
976,16.865314
977,17.00299305
978,17.1406721
979,17.278351150000002
980,17.4160302
981,17.55370925
982,17.6913883
983,17.82906735
984,17.9667464
985,18.10442545
986,18.2421045
987,18.37978355
988,18.517462599999998
989,18.65514165
990,18.7928207
991,18.93049975
992,19.0681788
993,19.20585785
994,19.3435369
995,19.48121595
996,19.618895
997,19.801010095238095
998,19.98312519047619
999,20.165240285714283
1000,20.34735538095238
1001,20.529470476190475
1002,20.71158557142857
1003,20.893700666666664
1004,21.07581576190476
1005,21.257930857142856
1006,21.440045952380952
1007,21.622161047619045
1008,21.80427614285714
1009,21.986391238095237
1010,22.168506333333333
1011,22.35062142857143
1012,22.532736523809522
1013,22.714851619047618
1014,22.896966714285714
1015,23.079081809523807
1016,23.261196904761903
1017,23.443312
1018,23.315831499999998
1019,23.188350999999997
1020,23.0608705
1021,22.93339
1022,22.168507
1023,21.498323142857146
1024,20.828139285714286
1025,20.15795542857143
1026,19.48777157142857
1027,18.817587714285715
1028,18.147403857142855
1029,17.47722
1030,17.859661799999998
1031,18.2421036
1032,18.6245454
1033,19.0069872
1034,19.389429
1035,19.771870800000002
1036,20.1543126
1037,20.5367544
1038,20.919196200000002
1039,21.301638
1040,21.18788623076923
1041,21.074134461538463
1042,20.960382692307693
1043,20.846630923076923
1044,20.732879153846156
1045,20.619127384615386
1046,20.505375615384615
1047,20.391623846153845
1048,20.277872076923078
1049,20.164120307692308
1050,20.050368538461537
1051,19.93661676923077
1052,19.822865
1053,20.249924625
1054,20.67698425
1055,21.104043875000002
1056,21.5311035
1057,21.958163125
1058,22.38522275
1059,22.812282375000002
1060,23.239342
1061,22.987380470588235
1062,22.73541894117647
1063,22.483457411764707
1064,22.23149588235294
1065,21.979534352941176
1066,21.72757282352941
1067,21.47561129411765
1068,21.223649764705883
1069,20.971688235294117
1070,20.71972670588235
1071,20.46776517647059
1072,20.215803647058824
1073,19.963842117647058
1074,19.711880588235292
1075,19.45991905882353
1076,19.207957529411765
1077,18.955996
1078,19.7803705
1079,20.604744999999998
1080,21.4291195
1081,22.253494
1082,23.077868499999997
1083,23.902243
1084,23.678661538461537
1085,23.455080076923075
1086,23.231498615384613
1087,23.007917153846154
1088,22.784335692307693
1089,22.56075423076923
1090,22.33717276923077
1091,22.113591307692307
1092,21.890009846153845
1093,21.666428384615386
1094,21.442846923076925
1095,21.219265461538463
1096,20.995684
1097,20.980686352941177
1098,20.965688705882354
1099,20.95069105882353
1100,20.935693411764706
1101,20.920695764705883
1102,20.90569811764706
1103,20.890700470588236
1104,20.875702823529412
1105,20.86070517647059
1106,20.845707529411765
1107,20.83070988235294
1108,20.815712235294118
1109,20.800714588235294
1110,20.78571694117647
1111,20.770719294117647
1112,20.755721647058824
1113,20.740724
1114,20.725726352941177
1115,20.710728705882353
1116,20.69573105882353
1117,20.680733411764706
1118,20.665735764705882
1119,20.65073811764706
1120,20.635740470588235
1121,20.62074282352941
1122,20.605745176470588
1123,20.590747529411765
1124,20.57574988235294
1125,20.560752235294117
1126,20.545754588235294
1127,20.53075694117647
1128,20.515759294117647
1129,20.500761647058823
1130,20.485764
1131,19.618895
1132,20.341284833333333
1133,21.063674666666664
1134,21.7860645
1135,22.508454333333333
1136,23.230844166666664
1137,23.953234
1138,23.86052090909091
1139,23.767807818181815
1140,23.675094727272725
1141,23.582381636363635
1142,23.489668545454546
1143,23.396955454545452
1144,23.304242363636362
1145,23.211529272727272
1146,23.118816181818183
1147,23.02610309090909
1148,22.93339
1149,22.7294212
1150,22.5254524
1151,22.3214836
1152,22.1175148
1153,21.913546
1154,22.627436
1155,23.290335
1156,22.4234675
1157,21.5566
1158,20.689732499999998
1159,19.822865
1160,19.338438500000002
1161,18.854012
1162,18.3695855
1163,17.885159
1164,18.14295305555556
1165,18.400747111111112
1166,18.65854116666667
1167,18.916335222222223
1168,19.17412927777778
1169,19.431923333333334
1170,19.68971738888889
1171,19.947511444444444
1172,20.2053055
1173,20.46309955555556
1174,20.720893611111112
1175,20.97868766666667
1176,21.236481722222223
1177,21.49427577777778
1178,21.752069833333337
1179,22.00986388888889
1180,22.267657944444444
1181,22.525452
1182,22.729420666666666
1183,22.933389333333334
1184,23.137358
1185,19.363934
1186,19.437954935483873
1187,19.511975870967742
1188,19.585996806451615
1189,19.660017741935484
1190,19.734038677419356
1191,19.808059612903225
1192,19.882080548387098
1193,19.956101483870967
1194,20.03012241935484
1195,20.10414335483871
1196,20.17816429032258
1197,20.252185225806453
1198,20.326206161290322
1199,20.400227096774195
1200,20.474248032258064
1201,20.548268967741937
1202,20.622289903225806
1203,20.696310838709678
1204,20.770331774193547
1205,20.84435270967742
1206,20.91837364516129
1207,20.99239458064516
1208,21.066415516129034
1209,21.140436451612903
1210,21.214457387096775
1211,21.288478322580644
1212,21.362499258064517
1213,21.436520193548386
1214,21.51054112903226
1215,21.584562064516128
1216,21.658583
1217,21.318635
1218,20.978687
1219,20.638739
1220,20.60559405
1221,20.5724491
1222,20.53930415
1223,20.506159200000003
1224,20.473014250000002
1225,20.4398693
1226,20.40672435
1227,20.3735794
1228,20.34043445
1229,20.307289500000003
1230,20.274144550000003
1231,20.240999600000002
1232,20.20785465
1233,20.1747097
1234,20.14156475
1235,20.1084198
1236,20.075274850000003
1237,20.042129900000003
1238,20.008984950000002
1239,19.97584
1240,20.010729421052634
1241,20.045618842105263
1242,20.080508263157895
1243,20.115397684210528
1244,20.15028710526316
1245,20.18517652631579
1246,20.220065947368422
1247,20.254955368421054
1248,20.289844789473687
1249,20.324734210526316
1250,20.35962363157895
1251,20.39451305263158
1252,20.429402473684213
1253,20.464291894736842
1254,20.499181315789475
1255,20.534070736842107
1256,20.56896015789474
1257,20.60384957894737
1258,20.638739
1259,20.8172119
1260,20.9956848
1261,21.174157700000002
1262,21.3526306
1263,21.5311035
1264,21.7095764
1265,21.8880493
1266,22.0665222
1267,22.2449951
1268,22.423468
1269,22.28323925
1270,22.1430105
1271,22.00278175
1272,21.862553
1273,21.72232425
1274,21.5820955
1275,21.44186675
1276,21.301638
1277,20.63145442857143
1278,19.961270857142857
1279,19.291087285714287
1280,18.620903714285713
1281,17.950720142857143
1282,17.28053657142857
1283,16.610353
1284,17.15993588888889
1285,17.709518777777777
1286,18.259101666666666
1287,18.808684555555555
1288,19.358267444444444
1289,19.907850333333332
1290,20.45743322222222
1291,21.00701611111111
1292,21.556599
1293,22.066521666666667
1294,22.57644433333333
1295,23.086367
1296,22.032527666666667
1297,20.97868833333333
1298,19.924849
1299,20.230802333333333
1300,20.536755666666664
1301,20.842709
1302,21.131664999999998
1303,21.420621
1304,21.709577
1305,21.998533
1306,22.287489
1307,22.576445
1308,22.559447523809524
1309,22.54245004761905
1310,22.52545257142857
1311,22.508455095238094
1312,22.49145761904762
1313,22.474460142857144
1314,22.457462666666668
1315,22.44046519047619
1316,22.423467714285714
1317,22.40647023809524
1318,22.389472761904763
1319,22.372475285714287
1320,22.355477809523812
1321,22.338480333333333
1322,22.321482857142858
1323,22.304485380952382
1324,22.287487904761907
1325,22.27049042857143
1326,22.253492952380952
1327,22.236495476190477
1328,22.219498
1329,22.194946185185188
1330,22.17039437037037
1331,22.145842555555557
1332,22.121290740740744
1333,22.096738925925926
1334,22.072187111111113
1335,22.047635296296296
1336,22.023083481481482
1337,21.99853166666667
1338,21.97397985185185
1339,21.949428037037038
1340,21.924876222222224
1341,21.900324407407407
1342,21.875772592592593
1343,21.851220777777776
1344,21.826668962962962
1345,21.80211714814815
1346,21.77756533333333
1347,21.753013518518518
1348,21.728461703703704
1349,21.703909888888887
1350,21.679358074074074
1351,21.65480625925926
1352,21.630254444444443
1353,21.60570262962963
1354,21.581150814814812
1355,21.556599
1356,21.318635444444443
1357,21.080671888888887
1358,20.84270833333333
1359,20.604744777777775
1360,20.366781222222222
1361,20.128817666666666
1362,19.89085411111111
1363,19.652890555555555
1364,19.414927
1365,19.223706
1366,19.032485
1367,18.841264
1368,18.650043
1369,21.22515
1370,23.800257
1371,23.673990476190475
1372,23.547723952380952
1373,23.421457428571426
1374,23.295190904761903
1375,23.16892438095238
1376,23.042657857142856
1377,22.916391333333333
1378,22.79012480952381
1379,22.663858285714284
1380,22.53759176190476
1381,22.411325238095237
1382,22.285058714285714
1383,22.15879219047619
1384,22.032525666666665
1385,21.90625914285714
1386,21.77999261904762
1387,21.653726095238095
1388,21.527459571428572
1389,21.401193047619046
1390,21.274926523809523
1391,21.14866
1392,21.1282633
1393,21.1078666
1394,21.0874699
1395,21.0670732
1396,21.0466765
1397,21.0262798
1398,21.005883100000002
1399,20.9854864
1400,20.9650897
1401,20.944693
1402,20.798090375
1403,20.65148775
1404,20.504885125
1405,20.3582825
1406,20.211679874999998
1407,20.065077249999998
1408,19.918474624999998
1409,19.771872
1410,19.902994857142854
1411,20.034117714285713
1412,20.16524057142857
1413,20.29636342857143
1414,20.427486285714284
1415,20.558609142857144
1416,20.689732
1417,20.389146210526317
1418,20.08856042105263
1419,19.787974631578948
1420,19.48738884210526
1421,19.18680305263158
1422,18.886217263157896
1423,18.58563147368421
1424,18.285045684210527
1425,17.984459894736844
1426,17.683874105263158
1427,17.383288315789475
1428,17.08270252631579
1429,16.782116736842106
1430,16.48153094736842
1431,16.180945157894737
1432,15.880359368421054
1433,15.579773578947368
1434,15.279187789473685
1435,14.978602
1436,17.23500825
1437,19.4914145
1438,21.747820750000002
1439,24.004227
1440,23.341328
1441,23.162855
1442,22.984382
1443,22.805909
1444,22.627436
1445,22.780413
1446,22.93339
1447,22.633617515151514
1448,22.33384503030303
1449,22.034072545454546
1450,21.73430006060606
1451,21.434527575757574
1452,21.13475509090909
1453,20.834982606060606
1454,20.53521012121212
1455,20.235437636363635
1456,19.935665151515153
1457,19.635892666666667
1458,19.33612018181818
1459,19.036347696969695
1460,18.73657521212121
1461,18.436802727272728
1462,18.137030242424242
1463,17.837257757575756
1464,17.537485272727274
1465,17.237712787878788
1466,16.937940303030302
1467,16.638167818181817
1468,16.33839533333333
1469,16.03862284848485
1470,15.738850363636363
1471,15.439077878787877
1472,15.139305393939393
1473,14.83953290909091
1474,14.539760424242424
1475,14.239987939393938
1476,13.940215454545454
1477,13.64044296969697
1478,13.340670484848484
1479,13.040898
1480,22.01553
1481,22.117514666666665
1482,22.219499333333335
1483,22.321484
1484,21.964538
1485,21.607592
1486,19.108973
1487,18.8336149
1488,18.5582568
1489,18.282898699999997
1490,18.0075406
1491,17.7321825
1492,17.4568244
1493,17.181466299999997
1494,16.9061082
1495,16.6307501
1496,16.355392
1497,19.669888
1498,19.42767475
1499,19.185461500000002
1500,18.94324825
1501,18.701035
1502,18.898204866666667
1503,19.095374733333333
1504,19.2925446
1505,19.48971446666667
1506,19.686884333333335
1507,19.8840542
1508,20.081224066666667
1509,20.278393933333334
1510,20.4755638
1511,20.672733666666666
1512,20.869903533333336
1513,21.0670734
1514,21.264243266666668
1515,21.461413133333334
1516,21.658583
1517,22.0155288
1518,22.3724746
1519,22.7294204
1520,23.0863662
1521,23.443312
1522,23.086365999999998
1523,22.72942
1524,22.4642604
1525,22.1991008
1526,21.9339412
1527,21.6687816
1528,21.403622
1529,21.913546
1530,18.650043
1531,19.547506
1532,20.444969
1533,21.342432
1534,22.239895
1535,23.137358
1536,22.978715555555553
1537,22.82007311111111
1538,22.661430666666664
1539,22.50278822222222
1540,22.344145777777776
1541,22.185503333333333
1542,22.026860888888887
1543,21.868218444444445
1544,21.709576
1545,21.550933555555556
1546,21.39229111111111
1547,21.233648666666667
1548,21.07500622222222
1549,20.916363777777775
1550,20.757721333333333
1551,20.59907888888889
1552,20.440436444444444
1553,20.281793999999998
1554,20.123151555555555
1555,19.96450911111111
1556,19.805866666666667
1557,19.64722422222222
1558,19.488581777777778
1559,19.329939333333332
1560,19.17129688888889
1561,19.012654444444443
1562,18.854012
1563,18.695369555555555
1564,18.536727111111112
1565,18.378084666666666
1566,18.21944222222222
1567,18.060799777777778
1568,17.902157333333335
1569,17.74351488888889
1570,17.584872444444443
1571,17.42623
1572,17.873828333333332
1573,18.321426666666667
1574,18.769025
1575,19.216623333333335
1576,19.664221666666666
1577,20.11182
1578,20.559418333333333
1579,21.007016666666665
1580,21.454615
1581,21.743570833333333
1582,22.032526666666666
1583,22.321482500000002
1584,22.610438333333335
1585,22.899394166666667
1586,23.18835
1587,22.716672
1588,22.244994
1589,21.773316
1590,21.301638
1591,21.499232875
1592,21.69682775
1593,21.894422625
1594,22.0920175
1595,22.289612375
1596,22.48720725
1597,22.684802125
1598,22.882397
1599,22.661430666666668
1600,22.440464333333335
1601,22.219498
1602,21.998531666666665
1603,21.77756533333333
1604,21.556599
1605,21.598485464285712
1606,21.640371928571426
1607,21.682258392857143
1608,21.724144857142857
1609,21.76603132142857
1610,21.807917785714285
1611,21.84980425
1612,21.891690714285712
1613,21.93357717857143
1614,21.975463642857143
1615,22.017350107142857
1616,22.05923657142857
1617,22.101123035714284
1618,22.143009499999998
1619,22.184895964285715
1620,22.22678242857143
1621,22.268668892857143
1622,22.310555357142857
1623,22.35244182142857
1624,22.394328285714288
1625,22.43621475
1626,22.478101214285715
1627,22.51998767857143
1628,22.561874142857143
1629,22.603760607142856
1630,22.645647071428574
1631,22.687533535714287
1632,22.72942
1633,21.029679333333334
1634,19.329938666666667
1635,17.630198
1636,18.191113
1637,18.752028
1638,21.352631
1639,23.953234
1640,23.218946
1641,22.484658
1642,21.75037
1643,21.016082
1644,20.281794
1645,19.9044512
1646,19.5271084
1647,19.149765600000002
1648,18.7724228
1649,18.39508
1650,17.49290996923077
1651,16.59073993846154
1652,15.688569907692308
1653,14.786399876923078
1654,13.884229846153847
1655,12.982059815384616
1656,12.079889784615386
1657,11.177719753846155
1658,10.275549723076923
1659,9.373379692307692
1660,8.471209661538461
1661,7.569039630769231
1662,6.6668696
1663,7.3552643
1664,8.043659
1665,8.9513206
1666,9.8589822
1667,10.7666438
1668,11.6743054
1669,12.581967
1670,13.4896286
1671,14.3972902
1672,15.304951800000001
1673,16.212613400000002
1674,17.120275
1675,18.0279366
1676,18.9355982
1677,19.8432598
1678,20.750921400000003
1679,21.658583
1680,22.066521
1681,22.474459
1682,22.882396999999997
1683,23.290335
1684,20.825710666666666
1685,18.361086333333333
1686,15.896462
1687,16.1973163
1688,16.498170599999998
1689,16.7990249
1690,17.0998792
1691,17.4007335
1692,17.7015878
1693,18.0024421
1694,18.3032964
1695,18.604150699999998
1696,18.905005
1697,12.785936
1698,17.859662999999998
1699,22.93339
1700,22.542449666666666
1701,22.151509333333333
1702,21.760569
1703,21.369628666666667
1704,20.978688333333334
1705,20.587748
1706,20.604745
1707,20.621742
1708,20.638739
1709,19.921448400000003
1710,19.2041578
1711,18.4868672
1712,17.7695766
1713,17.052286000000002
1714,16.3349954
1715,15.6177048
1716,14.9004142
1717,14.1831236
1718,13.465833
1719,12.7485424
1720,12.0312518
1721,11.3139612
1722,10.5966706
1723,9.87938
1724,8.840992809090908
1725,7.8026056181818175
1726,6.764218427272727
1727,5.725831236363636
1728,4.687444045454544
1729,3.649056854545454
1730,2.6106696636363633
1731,1.572282472727272
1732,0.5338952818181806
1733,-0.5044919090909108
1734,-1.5428791
1735,4.066266
1736,4.267235352941176
1737,4.468204705882353
1738,4.669174058823529
1739,4.8701434117647056
1740,5.071112764705882
1741,5.272082117647059
1742,5.473051470588235
1743,5.674020823529412
1744,5.874990176470588
1745,6.075959529411765
1746,6.276928882352941
1747,6.477898235294118
1748,6.678867588235295
1749,6.879836941176471
1750,7.0808062941176475
1751,7.281775647058824
1752,7.482745
1753,9.573426333333334
1754,11.664107666666666
1755,13.754788999999999
1756,15.845470333333331
1757,17.936151666666664
1758,20.026833
1759,16.1514235
1760,12.276014
1761,13.43183788888889
1762,14.587661777777779
1763,15.743485666666666
1764,16.899309555555554
1765,18.055133444444444
1766,19.210957333333333
1767,20.366781222222222
1768,21.522605111111112
1769,22.678429
1770,22.46104105263158
1771,22.24365310526316
1772,22.026265157894738
1773,21.808877210526315
1774,21.591489263157897
1775,21.374101315789474
1776,21.156713368421055
1777,20.939325421052633
1778,20.72193747368421
1779,20.50454952631579
1780,20.28716157894737
1781,20.069773631578947
1782,19.852385684210528
1783,19.634997736842106
1784,19.417609789473687
1785,19.200221842105265
1786,18.982833894736842
1787,18.765445947368423
1788,18.548058
1789,18.970565142857144
1790,19.393072285714286
1791,19.81557942857143
1792,20.23808657142857
1793,20.660593714285714
1794,21.083100857142856
1795,21.505608
1796,21.760568999999997
1797,22.01553
1798,22.227997499999997
1799,22.440465
1800,22.6529325
1801,22.865399999999998
1802,23.0778675
1803,23.290335
1804,23.315831
1805,23.341327
1806,23.366823
1807,23.392319
1808,23.00399369230769
1809,22.615668384615386
1810,22.227343076923077
1811,21.83901776923077
1812,21.450692461538463
1813,21.062367153846154
1814,20.674041846153848
1815,20.28571653846154
1816,19.89739123076923
1817,19.509065923076925
1818,19.120740615384616
1819,18.73241530769231
1820,18.34409
1821,17.842666416666667
1822,17.341242833333336
1823,16.83981925
1824,16.338395666666667
1825,15.836972083333334
1826,15.335548500000002
1827,14.834124916666667
1828,14.332701333333333
1829,13.83127775
1830,13.329854166666667
1831,12.828430583333333
1832,12.327007
1833,11.825583416666667
1834,11.324159833333333
1835,10.822736249999998
1836,10.321312666666666
1837,9.819889083333333
1838,9.318465499999999
1839,8.817041916666666
1840,8.315618333333331
1841,7.814194749999999
1842,7.312771166666664
1843,6.8113475833333315
1844,6.309924
1845,7.6663172
1846,9.0227104
1847,10.3791036
1848,11.7354968
1849,13.09189
1850,14.448283199999999
1851,15.804676400000002
1852,17.1610696
1853,18.5174628
1854,19.873856
1855,19.165064
1856,18.456272
1857,17.74748
1858,17.038688
1859,16.329895999999998
1860,15.621103999999999
1861,14.912312
1862,14.20352
1863,13.494727999999999
1864,12.785936
1865,11.970060438888888
1866,11.154184877777777
1867,10.338309316666667
1868,9.522433755555555
1869,8.706558194444444
1870,7.890682633333333
1871,7.074807072222223
1872,6.258931511111111
1873,5.44305595
1874,4.627180388888888
1875,3.8113048277777786
1876,2.995429266666667
1877,2.1795537055555556
1878,1.363678144444446
1879,0.5478025833333344
1880,-0.26807297777777706
1881,-1.0839485388888885
1882,-1.8998241
1883,5.630027933333333
1884,13.159879966666667
1885,20.689732
1886,20.703639
1887,20.717546
1888,20.731453
1889,20.745359999999998
1890,20.759266999999998
1891,20.773174
1892,20.787081
1893,20.800988
1894,20.814895
1895,20.828802
1896,20.842709
1897,19.720879749999998
1898,18.599050499999997
1899,17.47722125
1900,16.355392
1901,16.11827815
1902,15.881164299999998
1903,15.644050449999998
1904,15.406936599999998
1905,15.169822749999998
1906,14.932708899999998
1907,14.69559505
1908,14.4584812
1909,14.22136735
1910,13.9842535
1911,13.74713965
1912,13.5100258
1913,13.27291195
1914,13.0357981
1915,12.79868425
1916,12.5615704
1917,12.32445655
1918,12.0873427
1919,11.85022885
1920,11.613115
1921,12.3907465
1922,13.168378
1923,13.9460095
1924,14.723641
1925,14.97131742857143
1926,15.218993857142857
1927,15.466670285714287
1928,15.714346714285714
1929,15.962023142857143
1930,16.209699571428573
1931,16.457376
1932,16.457376
1933,16.457376
1934,16.457376
1935,16.457376
1936,16.457376
1937,16.457376
1938,16.457376
1939,16.457376
1940,16.457376
1941,16.457376
1942,16.457376
1943,16.457376
1944,16.457376
1945,16.457376
1946,16.457376
1947,16.457376
1948,16.457376
1949,16.457376
1950,16.457376
1951,16.457376
1952,16.457376
1953,16.457376
1954,16.457376
1955,16.457376
1956,16.457376
1957,15.10608225
1958,13.7547885
1959,12.40349475
1960,11.052201
1961,10.2210278
1962,9.3898546
1963,8.558681400000001
1964,7.727508200000001
1965,6.8963350000000005
1966,6.0651618
1967,5.233988600000001
1968,4.402815400000001
1969,3.5716422000000003
1970,2.740469
1971,2.341029825
1972,1.9415906500000002
1973,1.542151475
1974,1.1427123000000001
1975,0.7432731250000002
1976,0.34383395000000005
1977,-0.05560522499999987
1978,-0.4550443999999998
1979,-0.8544835749999997
1980,-1.2539227499999996
1981,-1.6533619249999996
1982,-2.0528011
1983,2.19995052
1984,6.4527021399999995
1985,10.70545376
1986,14.958205379999999
1987,19.210957
1988,19.499913
1989,19.788869000000002
1990,20.077825
1991,20.366781
1992,20.655737000000002
1993,20.944693
1994,21.233649
1995,21.522605000000002
1996,21.811561
1997,22.100517
1998,22.389473000000002
1999,22.678429
2000,22.061247206896553
2001,21.444065413793105
2002,20.826883620689657
2003,20.20970182758621
2004,19.59252003448276
2005,18.975338241379312
2006,18.358156448275864
2007,17.740974655172415
2008,17.123792862068967
2009,16.50661106896552
2010,15.88942927586207
2011,15.27224748275862
2012,14.655065689655173
2013,14.037883896551724
2014,13.420702103448276
2015,12.803520310344828
2016,12.18633851724138
2017,11.569156724137931
2018,10.951974931034483
2019,10.334793137931035
2020,9.717611344827587
2021,9.100429551724138
2022,8.48324775862069
2023,7.86606596551724
2024,7.248884172413792
2025,6.631702379310344
2026,6.014520586206896
2027,5.397338793103447
2028,4.780157
2029,6.296016818181818
2030,7.811876636363637
2031,9.327736454545455
2032,10.843596272727273
2033,12.359456090909092
2034,13.875315909090912
2035,15.391175727272728
2036,16.907035545454548
2037,18.422895363636364
2038,19.938755181818184
2039,21.454615
2040,21.930542333333335
2041,22.406469666666666
2042,22.882397
2043,23.018376333333336
2044,23.154355666666667
2045,23.290335
2046,23.426314333333334
2047,23.56229366666667
2048,23.698273
2049,20.944693
2050,18.191113
2051,18.53348942857143
2052,18.87586585714286
2053,19.218242285714286
2054,19.560618714285717
2055,19.902995142857144
2056,20.24537157142857
2057,20.587748
2058,19.7514754
2059,18.9152028
2060,18.078930200000002
2061,17.2426576
2062,16.406385
2063,15.488524
2064,14.749136833333333
2065,14.009749666666666
2066,13.270362500000001
2067,12.530975333333334
2068,11.791588166666667
2069,11.052201
2070,11.098094
2071,11.143987
2072,11.18988
2073,11.235773
2074,11.281666
2075,11.327559
2076,11.373452
2077,11.419345
2078,11.465238
2079,11.511130999999999
2080,11.557024
2081,11.602917
2082,11.64881
2083,11.694703
2084,11.740596
2085,11.786489
2086,11.832381999999999
2087,11.878274999999999
2088,11.924168
2089,11.970061
2090,11.530743384615384
2091,11.091425769230769
2092,10.652108153846154
2093,10.212790538461539
2094,9.773472923076923
2095,9.334155307692306
2096,8.894837692307693
2097,8.455520076923076
2098,8.016202461538462
2099,7.576884846153846
2100,7.137567230769231
2101,6.698249615384615
2102,6.258932
2103,6.581382823529411
2104,6.903833647058823
2105,7.226284470588235
2106,7.548735294117646
2107,7.871186117647058
2108,8.19363694117647
2109,8.516087764705881
2110,8.838538588235293
2111,9.160989411764705
2112,9.483440235294117
2113,9.805891058823528
2114,10.128341882352942
2115,10.450792705882353
2116,10.773243529411765
2117,11.095694352941177
2118,11.418145176470588
2119,11.740596
2120,12.063046823529412
2121,12.385497647058823
2122,12.707948470588235
2123,13.030399294117647
2124,13.352850117647058
2125,13.67530094117647
2126,13.997751764705882
2127,14.320202588235293
2128,14.642653411764705
2129,14.965104235294117
2130,15.287555058823528
2131,15.61000588235294
2132,15.932456705882352
2133,16.254907529411764
2134,16.577358352941175
2135,16.899809176470587
2136,17.22226
2137,17.7321825
2138,18.242105
2139,18.752027499999997
2140,19.26195
2141,18.373228285714283
2142,17.48450657142857
2143,16.595784857142856
2144,15.707063142857143
2145,14.81834142857143
2146,13.929619714285714
2147,13.040898
2148,13.084605571428572
2149,13.128313142857143
2150,13.172020714285715
2151,13.215728285714286
2152,13.259435857142858
2153,13.30314342857143
2154,13.346851000000001
2155,13.39055857142857
2156,13.434266142857142
2157,13.477973714285714
2158,13.521681285714285
2159,13.565388857142857
2160,13.609096428571428
2161,13.652804
2162,12.9559103
2163,12.259016599999999
2164,11.5621229
2165,10.8652292
2166,10.1683355
2167,9.471441800000001
2168,8.7745481
2169,8.0776544
2170,7.3807607
2171,7.969132492307692
2172,8.557504284615383
2173,9.145876076923077
2174,9.734247869230769
2175,10.322619661538461
2176,10.910991453846155
2177,11.499363246153846
2178,12.087735038461538
2179,12.67610683076923
2180,13.264478623076922
2181,13.852850415384616
2182,14.441222207692308
2183,15.029594
2184,13.681132999999999
2185,12.332671999999999
2186,10.984211
2187,9.63575
2188,8.287289
2189,6.938828000000001
2190,5.5903670000000005
2191,4.241906
2192,2.893445
2193,2.186838414285714
2194,1.4802318285714284
2195,0.7736252428571428
2196,0.06701865714285704
2197,-0.6395879285714288
2198,-1.3461945142857141
2199,-2.0528011
2200,-2.0528011
2201,-2.0528011
2202,-0.7779954499999999
2203,0.4968102000000001
2204,1.7716158499999999
2205,3.0464215
2206,4.32122715
2207,5.5960328
2208,6.870838450000001
2209,8.1456441
2210,9.42044975
2211,10.6952554
2212,11.97006105
2213,13.2448667
2214,14.51967235
2215,15.794478
2216,16.107715952380953
2217,16.420953904761905
2218,16.734191857142857
2219,17.04742980952381
2220,17.36066776190476
2221,17.673905714285716
2222,17.987143666666668
2223,18.30038161904762
2224,18.613619571428572
2225,18.926857523809524
2226,19.240095476190476
2227,19.553333428571428
2228,19.866571380952383
2229,20.179809333333335
2230,20.493047285714287
2231,20.80628523809524
2232,21.119523190476194
2233,21.432761142857146
2234,21.745999095238098
2235,22.05923704761905
2236,22.372475
2237,20.307290000000002
2238,18.242105
2239,16.97367336875
2240,15.7052417375
2241,14.436810106249998
2242,13.168378474999999
2243,11.89994684375
2244,10.631515212499998
2245,9.363083581249999
2246,8.09465195
2247,6.82622031875
2248,5.5577886875
2249,4.289357056249999
2250,3.0209254249999997
2251,1.7524937937499985
2252,0.484062162499999
2253,-0.7843694687500005
2254,-2.0528011
2255,-2.0528011
2256,-2.0528011
2257,0.27584402222222204
2258,2.604489144444444
2259,4.933134266666666
2260,7.261779388888888
2261,9.59042451111111
2262,11.919069633333333
2263,14.247714755555553
2264,16.576359877777776
2265,18.905005
2266,12.530976289999998
2267,6.156947579999999
2268,-0.21708113
2269,0.7749494272727273
2270,1.7669799845454546
2271,2.759010541818182
2272,3.751041099090909
2273,4.743071656363636
2274,5.735102213636363
2275,6.7271327709090905
2276,7.719163328181818
2277,8.711193885454545
2278,9.703224442727272
2279,10.695255
2280,11.2402345
2281,11.785214
2282,12.3301935
2283,12.875173
2284,13.4201525
2285,13.965131999999999
2286,14.510111499999999
2287,15.055091
2288,15.6000705
2289,16.145049999999998
2290,16.690029499999998
2291,17.235008999999998
2292,17.779988499999998
2293,18.324968
2294,18.8699475
2295,19.414927
2296,18.063632833333333
2297,16.712338666666668
2298,15.361044499999998
2299,14.009750333333333
2300,12.658456166666667
2301,11.307162
2302,8.910527
2303,8.22531899375
2304,7.5401109875
2305,6.8549029812499995
2306,6.1696949750000005
2307,5.48448696875
2308,4.7992789625
2309,4.11407095625
2310,3.42886295
2311,2.74365494375
2312,2.0584469375000003
2313,1.3732389312500004
2314,0.6880309249999996
2315,0.0028229187500006248
2316,-0.6823850875000002
2317,-1.3675930937499992
2318,-2.0528011
2319,-2.0528011
2320,-2.0528011
2321,-2.0528011
2322,-2.0528011
2323,-2.0528011
2324,-2.0528011
2325,-2.0528011
2326,-0.09809906666666657
2327,1.8566029666666668
2328,3.811305
2329,3.935952622222222
2330,4.060600244444444
2331,4.185247866666667
2332,4.3098954888888885
2333,4.434543111111111
2334,4.559190733333333
2335,4.683838355555555
2336,4.808485977777778
2337,4.9331336
2338,3.9351429285714286
2339,2.937152257142857
2340,1.9391615857142854
2341,0.9411709142857143
2342,-0.05681975714285681
2343,-1.0548104285714288
2344,-2.0528011
2345,-2.0528011
2346,-2.0528011
2347,-2.0528011
2348,-2.0528011
2349,-2.0528011
2350,-2.0528011
2351,-2.0528011
2352,-2.0528011
2353,-2.0528011
2354,-2.0528011
2355,-2.0528011
2356,-2.0528011
2357,-2.0528011
2358,-2.0528011
2359,-2.0528011
2360,-2.0528011
2361,-2.0528011
2362,-2.0528011
2363,-2.0528011
2364,-2.0528011
2365,-0.9124295045454545
2366,0.227942090909091
2367,1.3683136863636367
2368,2.508685281818182
2369,3.649056877272727
2370,4.789428472727273
2371,5.929800068181819
2372,7.070171663636364
2373,8.21054325909091
2374,9.350914854545454
2375,10.49128645
2376,11.631658045454547
2377,12.772029640909091
2378,13.912401236363637
2379,15.052772831818181
2380,16.193144427272728
2381,17.333516022727274
2382,18.47388761818182
2383,19.614259213636362
2384,20.75463080909091
2385,21.895002404545455
2386,23.035374
2387,22.049524166666668
2388,21.063674333333335
2389,20.0778245
2390,19.091974666666665
2391,18.106124833333332
2392,17.120275
2393,15.692492999999999
2394,14.264711
2395,14.139191666666667
2396,14.013672333333334
2397,13.888153
2398,13.762633666666666
2399,13.637114333333333
2400,13.511595
2401,13.386075666666667
2402,13.260556333333334
2403,13.135037
2404,13.009517666666667
2405,12.883998333333334
2406,12.758479000000001
2407,12.632959666666666
2408,12.507440333333333
2409,12.381921
2410,12.256401666666667
2411,12.130882333333334
2412,12.005363000000001
2413,11.879843666666666
2414,11.754324333333333
2415,11.628805
2416,11.503285666666667
2417,11.377766333333334
2418,11.252247
2419,11.126727666666667
2420,11.001208333333334
2421,10.875689000000001
2422,10.750169666666668
2423,10.624650333333335
2424,10.499131
2425,10.373611666666667
2426,10.248092333333334
2427,10.122573000000001
2428,9.997053666666668
2429,9.871534333333333
2430,9.746015
2431,9.620495666666667
2432,9.494976333333334
2433,9.369457
2434,8.553582
2435,7.76320235
2436,6.9728227
2437,7.927105864285714
2438,8.881389028571428
2439,9.835672192857142
2440,10.789955357142857
2441,11.74423852142857
2442,12.698521685714287
2443,13.652804849999999
2444,14.607088014285715
2445,15.561371178571429
2446,16.515654342857143
2447,17.46993750714286
2448,18.42422067142857
2449,19.378503835714284
2450,20.332787
2451,18.34409
2452,16.164172
2453,13.984254
2454,11.804336000000001
2455,9.624418
2456,9.290783168571428
2457,8.957148337142858
2458,8.623513505714286
2459,8.289878674285715
2460,7.956243842857143
2461,7.622609011428572
2462,7.28897418
2463,6.955339348571429
2464,6.621704517142858
2465,6.288069685714286
2466,5.954434854285715
2467,5.620800022857143
2468,5.2871651914285716
2469,4.95353036
2470,4.619895528571429
2471,4.286260697142858
2472,3.9526258657142863
2473,3.618991034285715
2474,3.2853562028571437
2475,2.9517213714285724
2476,2.61808654
2477,2.284451708571429
2478,1.9508168771428576
2479,1.6171820457142854
2480,1.283547214285715
2481,0.9499123828571427
2482,0.6162775514285723
2483,0.2826427200000001
2484,-0.0509921114285703
2485,-0.3846269428571425
2486,-0.7182617742857129
2487,-1.0518966057142851
2488,-1.3855314371428573
2489,-1.7191662685714277
2490,-2.0528011
2491,-2.0528011
2492,-2.0528011
2493,-2.0528011
2494,-2.0528011
2495,-2.0528011
2496,-2.0528011
2497,-2.0528011
2498,-2.0528011
2499,-2.0528011
2500,-2.0528011
2501,-2.0528011
2502,-2.0528011
2503,-2.0528011
2504,-2.0528011
2505,-2.0528011
2506,-2.0528011
2507,-2.0528011
2508,-2.0528011
2509,-2.0528011
2510,-2.0528011
2511,-2.0528011
2512,-2.0528011
2513,-2.0528011
2514,-2.0528011
2515,-2.0528011
2516,-2.0528011
2517,-2.0528011
2518,-2.0528011
2519,-2.0528011
2520,-2.0528011
2521,-2.0528011
2522,-2.0528011
2523,-2.0528011
2524,-2.0528011
2525,-2.0528011
2526,-2.0528011
2527,-2.0528011
2528,-2.0528011
2529,-2.0528011
2530,-2.0528011
2531,-2.0528011
2532,-2.0528011
2533,-2.0528011
2534,-1.5195074291666666
2535,-0.9862137583333332
2536,-0.4529200874999999
2537,0.08037358333333344
2538,0.6136672541666668
2539,1.1469609250000001
2540,1.6802545958333335
2541,2.213548266666667
2542,2.7468419375
2543,3.2801356083333335
2544,3.813429279166667
2545,4.34672295
2546,4.8800166208333335
2547,5.413310291666667
2548,5.9466039625
2549,6.479897633333334
2550,7.013191304166668
2551,7.546484975
2552,8.079778645833333
2553,8.613072316666667
2554,9.146365987500001
2555,9.679659658333334
2556,10.212953329166666
2557,10.746247
2558,9.726403
2559,8.859535
2560,7.7683013899999995
2561,6.67706778
2562,5.585834169999999
2563,4.494600559999999
2564,3.4033669499999997
2565,2.312133339999999
2566,1.2208997299999993
2567,0.12966611999999955
2568,-0.9615674900000002
2569,-2.0528011
2570,4.257486675
2571,10.56777445
2572,16.878062225
2573,23.18835
2574,22.217536496153848
2575,21.246722992307692
2576,20.275909488461537
2577,19.305095984615384
2578,18.334282480769232
2579,17.363468976923077
2580,16.39265547307692
2581,15.421841969230769
2582,14.451028465384615
2583,13.480214961538461
2584,12.509401457692308
2585,11.538587953846154
2586,10.56777445
2587,9.596960946153846
2588,8.626147442307692
2589,7.655333938461538
2590,6.684520434615386
2591,5.713706930769231
2592,4.742893426923075
2593,3.772079923076923
2594,2.801266419230771
2595,1.8304529153846154
2596,0.8596394115384598
2597,-0.11117409230769226
2598,-1.0819875961538443
2599,-2.0528011
2600,2.0265770833333336
2601,6.105955266666667
2602,10.185333450000002
2603,14.264711633333334
2604,18.344089816666667
2605,22.423468
2606,21.849805375
2607,21.276142749999998
2608,20.702480125
2609,20.1288175
2610,19.555154875
2611,18.981492250000002
2612,18.407829625
2613,17.834167
2614,15.590509
2615,14.536669666666668
2616,13.482830333333334
2617,12.428991
2618,11.375151666666667
2619,10.321312333333335
2620,9.267473
2621,8.213633666666666
2622,7.159794333333334
2623,6.105955000000002
2624,5.052115666666667
2625,3.998276333333333
2626,2.944437
2627,2.6112877933333336
2628,2.2781385866666666
2629,1.94498938
2630,1.6118401733333334
2631,1.2786909666666668
2632,0.94554176
2633,0.6123925533333332
2634,0.2792433466666666
2635,-0.05390585999999997
2636,-0.38705506666666656
2637,-0.7202042733333336
2638,-1.0533534800000002
2639,-1.3865026866666672
2640,-1.7196518933333338
2641,-2.0528011
2642,-1.428146345
2643,-0.8034915899999999
2644,-0.1788368349999998
2645,0.4458179200000001
2646,1.070472675
2647,1.6951274300000003
2648,2.319782185
2649,2.94443694
2650,3.569091695
2651,4.19374645
2652,4.818401205
2653,5.443055960000001
2654,6.0677107150000005
2655,6.69236547
2656,7.317020225
2657,7.94167498
2658,8.566329735
2659,9.19098449
2660,9.815639245
2661,10.440294
2662,9.607420993333333
2663,8.774547986666667
2664,7.94167498
2665,7.108801973333334
2666,6.275928966666666
2667,5.44305596
2668,4.610182953333333
2669,3.7773099466666666
2670,2.94443694
2671,2.1115639333333327
2672,1.2786909266666662
2673,0.44581791999999965
2674,-0.3870550866666669
2675,-1.2199280933333334
2676,-2.0528011
2677,-2.0528011
2678,-2.0528011
2679,-2.0528011
2680,-2.0528011
2681,-2.0528011
2682,-2.0528011
2683,-2.0528011
2684,-2.0528011
2685,-2.0528011
2686,-2.0528011
2687,-2.0528011
2688,-2.0528011
2689,-2.0528011
2690,-2.0528011
2691,-2.0528011
2692,-2.0528011
2693,-2.0528011
2694,-2.0528011
2695,-2.0528011
2696,-2.0528011
2697,-2.0528011
2698,-2.0528011
2699,-2.0528011
2700,-2.0528011
2701,-2.0528011
2702,-2.0528011
2703,-2.0528011
2704,-2.0528011
2705,-2.0528011
2706,-2.0528011
2707,-2.0528011
2708,-2.0528011
2709,-2.0528011
2710,-2.0528011
2711,-2.0528011
2712,-2.0528011
2713,-2.0528011
2714,-2.0528011
2715,-2.0528011
2716,-2.0528011
2717,-2.0528011
2718,-2.0528011
2719,-2.0528011
2720,-2.0528011
2721,-2.0528011
2722,-2.0528011
2723,-2.0528011
2724,-2.0528011
2725,-2.0528011
2726,-2.0528011
2727,-2.0528011
2728,-2.0528011
2729,-2.0528011
2730,-2.0528011
2731,-2.0528011
2732,-2.0528011
2733,-2.0528011
2734,-2.0528011
2735,-2.0528011
2736,-0.6720885538461538
2737,0.7086239923076922
2738,2.089336538461538
2739,3.4700490846153844
2740,4.850761630769231
2741,6.231474176923076
2742,7.612186723076922
2743,8.992899269230769
2744,10.373611815384615
2745,11.754324361538462
2746,13.135036907692307
2747,14.515749453846151
2748,15.896462
2749,15.679745
2750,15.463028
2751,15.246310999999999
2752,15.029594
2753,13.96194430625
2754,12.8942946125
2755,11.826644918749999
2756,10.758995225
2757,9.69134553125
2758,8.6236958375
2759,7.55604614375
2760,6.48839645
2761,5.420746756250001
2762,4.3530970625
2763,3.285447368749999
2764,2.217797675
2765,1.1501479812500008
2766,0.08249828749999999
2767,-0.9851514062500009
2768,-2.0528011
2769,-2.0528011
2770,-2.0528011
2771,-2.0528011
2772,-2.0528011
2773,-2.0528011
2774,-2.0528011
2775,4.461455925
2776,10.97571295
2777,17.489969975
2778,24.004227
2779,23.211886153846155
2780,22.419545307692307
2781,21.62720446153846
2782,20.834863615384617
2783,20.04252276923077
2784,19.250181923076923
2785,18.457841076923078
2786,17.665500230769233
2787,16.873159384615384
2788,16.08081853846154
2789,15.288477692307692
2790,14.496136846153846
2791,13.703796
2792,12.9134165
2793,12.123037
2794,11.3326575
2795,10.542278
2796,9.7518985
2797,8.961519
2798,8.162640999999999
2799,7.363763
2800,6.564885
2801,5.781458990909091
2802,4.998032981818183
2803,4.214606972727273
2804,3.431180963636364
2805,2.647754954545455
2806,1.8643289454545453
2807,1.0809029363636364
2808,0.29747692727272756
2809,-0.4859490818181813
2810,-1.2693750909090902
2811,-2.0528011
2812,-2.0528011
2813,-2.0528011
2814,-2.0528011
2815,-2.0528011
2816,-2.0528011
2817,-2.0528011
2818,-2.0528011
2819,-2.0528011
2820,-2.0528011
2821,-2.0528011
2822,-2.0528011
2823,-2.0528011
2824,-2.0528011
2825,-2.0528011
2826,-2.0528011
2827,-2.0528011
2828,-2.0528011
2829,-2.0528011
2830,-2.0528011
2831,-2.0528011
2832,-2.0528011
2833,-2.0528011
2834,-2.0528011
2835,-2.0528011
2836,-2.0528011
2837,-2.0528011
2838,-2.0528011
2839,-2.0528011
2840,-2.0528011
2841,-2.0528011
2842,-2.0528011
2843,-2.0528011
2844,-2.0528011
2845,-2.0528011
2846,-2.0528011
2847,-2.0528011
2848,-2.0528011
2849,-2.0528011
2850,-2.0528011
2851,-2.0528011
2852,-2.0528011
2853,-2.0528011
2854,-2.0528011
2855,-2.0528011
2856,-2.0528011
2857,-2.0528011
2858,-2.0528011
2859,-2.0528011
2860,-2.0528011
2861,-2.0528011
2862,-2.0528011
2863,-2.0528011
2864,-2.0528011
2865,-2.0528011
2866,-2.0528011
2867,-2.0528011
2868,-2.0528011
2869,-2.0528011
2870,-2.0528011
2871,-2.0528011
2872,-2.0528011
2873,-2.0528011
2874,-2.0528011
2875,-2.0528011
2876,-2.0528011
2877,-2.0528011
2878,-2.0528011
2879,-2.0528011
2880,-2.0528011
2881,-2.0528011
2882,-2.0528011
2883,-2.0528011
2884,-2.0528011
2885,-2.0528011
2886,-2.0528011
2887,-2.0528011
2888,-2.0528011
2889,-2.0528011
2890,-2.0528011
2891,-2.0528011
2892,-2.0528011
2893,-2.0528011
2894,-2.0528011
2895,-2.0528011
2896,-2.0528011
2897,-2.0528011
2898,-2.0528011
2899,-2.0528011
2900,-2.0528011
2901,-2.0528011
2902,-2.0528011
2903,-2.0528011
2904,-2.0528011
2905,-2.0528011
2906,-2.0528011
2907,-1.9981665285714285
2908,-1.943531957142857
2909,-1.8888973857142857
2910,-1.8342628142857142
2911,-1.7796282428571428
2912,-1.7249936714285714
2913,-1.6703591
2914,-1.6157245285714286
2915,-1.5610899571428571
2916,-1.5064553857142857
2917,-1.4518208142857143
2918,-1.3971862428571429
2919,-1.3425516714285715
2920,-1.2879171
2921,-1.6703591
2922,-2.0528011
2923,-2.0528011
2924,-2.0528011
2925,-2.0528011
2926,-2.0528011
2927,-2.0528011
2928,-2.0528011
2929,-2.0528011
2930,-2.0528011
2931,-2.0528011
2932,-2.0528011
2933,-2.0528011
2934,-2.0528011
2935,-2.0528011
2936,-2.0528011
2937,-2.0528011
2938,-2.0528011
2939,-2.0528011
2940,-2.0528011
2941,-2.0528011
2942,-2.0528011
2943,-2.0528011
2944,-2.0528011
2945,-2.0528011
2946,-2.0528011
2947,-2.0528011
2948,-2.0528011
2949,-2.0528011
2950,-2.0528011
2951,-2.0528011
2952,-2.0528011
2953,-2.0528011
2954,-2.0528011
2955,-2.0528011
2956,-2.0528011
2957,-2.0528011
2958,-2.0528011
2959,-2.0528011
2960,-2.0528011
2961,-2.0528011
2962,-2.0528011
2963,-2.0528011
2964,-2.0528011
2965,-2.0528011
2966,-2.0528011
2967,-2.0528011
2968,-2.0528011
2969,-2.0528011
2970,-2.0528011
2971,-2.0528011
2972,-2.0528011
2973,-2.0528011
2974,-2.0528011
2975,-2.0528011
2976,-2.0528011
2977,-2.0528011
2978,-2.0528011
2979,-2.0528011
2980,-2.0528011
2981,-2.0528011
2982,-2.0528011
2983,-2.0528011
2984,-2.0528011
2985,-2.0528011
2986,-2.0528011
2987,-2.0528011
2988,-2.0528011
2989,-2.0528011
2990,-2.0528011
2991,-2.0528011
2992,-2.0528011
2993,-2.0528011
2994,-2.0528011
2995,-2.0528011
2996,-2.0528011
2997,-2.0528011
2998,-2.0528011
2999,-2.0528011
3000,-2.0528011
3001,-2.0528011
3002,-2.0528011
3003,-2.0528011
3004,-2.0528011
3005,-2.0528011
3006,-2.0528011
3007,-2.0528011
3008,-2.0528011
3009,-2.0528011
3010,-2.0528011
3011,-2.0528011
3012,-2.0528011
3013,-2.0528011
3014,-2.0528011
3015,-2.0528011
3016,-2.0528011
3017,-2.0528011
3018,-2.0528011
3019,-2.0528011
3020,-2.0528011
3021,-2.0528011
3022,-2.0528011
3023,-2.0528011
3024,-2.0528011
3025,-2.0528011
3026,-2.0528011
3027,-2.0528011
3028,-2.0528011
3029,-2.0528011
3030,-2.0528011
3031,-2.0528011
3032,-2.0528011
3033,-2.0528011
3034,-2.0528011
3035,-2.0528011
3036,-2.0528011
3037,-2.0528011
3038,-2.0528011
3039,-2.0528011
3040,-2.0528011
