t,y_pred_B
1,
2,12.581968
3,12.581968
4,12.581968
5,12.581968
6,12.581968
7,12.581968
8,12.581968
9,12.581968
10,12.581968
11,12.581968
12,12.581968
13,12.581968
14,12.581968
15,12.581968
16,12.581968
17,12.581968
18,12.581968
19,12.581968
20,12.581968
21,12.581968
22,12.581968
23,12.581968
24,12.581968
25,12.581968
26,12.581968
27,12.581968
28,12.581968
29,12.581968
30,12.581968
31,12.581968
32,12.581968
33,12.581968
34,12.581968
35,12.581968
36,12.583667733333334
37,12.585367466666666
38,12.5870672
39,12.588766933333334
40,12.590466666666666
41,12.5921664
42,12.593866133333334
43,12.595565866666666
44,12.5972656
45,12.598965333333334
46,12.600665066666666
47,12.6023648
48,12.604064533333334
49,12.605764266666666
50,12.607464
51,12.609163733333334
52,12.610863466666666
53,12.6125632
54,12.614262933333334
55,12.615962666666666
56,12.6176624
57,12.619362133333334
58,12.621061866666667
59,12.6227616
60,12.624461333333334
61,12.626161066666667
62,12.6278608
63,12.629560533333335
64,12.631260266666667
65,12.63296
66,12.636249806451614
67,12.639539612903226
68,12.64282941935484
69,12.646119225806451
70,12.649409032258065
71,12.652698838709679
72,12.65598864516129
73,12.659278451612904
74,12.662568258064518
75,12.66585806451613
76,12.669147870967743
77,12.672437677419355
78,12.675727483870968
79,12.679017290322582
80,12.682307096774194
81,12.685596903225807
82,12.68888670967742
83,12.692176516129033
84,12.695466322580646
85,12.698756129032258
86,12.702045935483872
87,12.705335741935484
88,12.708625548387097
89,12.71191535483871
90,12.715205161290323
91,12.718494967741936
92,12.72178477419355
93,12.725074580645162
94,12.728364387096775
95,12.731654193548387
96,12.734944
97,12.734944
98,12.734944
99,12.734944
100,12.734944
101,12.734944
102,12.734944
103,12.734944
104,12.734944
105,12.740311631578948
106,12.745679263157895
107,12.751046894736842
108,12.75641452631579
109,12.761782157894737
110,12.767149789473685
111,12.772517421052632
112,12.777885052631579
113,12.783252684210526
114,12.788620315789474
115,12.793987947368421
116,12.799355578947369
117,12.804723210526316
118,12.810090842105263
119,12.81545847368421
120,12.820826105263158
121,12.826193736842106
122,12.831561368421053
123,12.836929
124,12.836929
125,12.836929
126,12.836929
127,12.836929
128,12.836929
129,12.836929
130,12.836929
131,12.836929
132,12.840116
133,12.843302999999999
134,12.84649
135,12.849677
136,12.852864
137,12.856051
138,12.859238
139,12.862425
140,12.865612
141,12.868799
142,12.871986
143,12.875173
144,12.87836
145,12.881547000000001
146,12.884734
147,12.887921
148,12.887921
149,12.887921
150,12.887921
151,12.887921
152,12.887921
153,12.887921
154,12.887921
155,12.887921
156,12.887921
157,12.887921
158,12.887921
159,12.887921
160,12.887921
161,12.887921
162,12.887921
163,12.88996068
164,12.89200036
165,12.89404004
166,12.89607972
167,12.8981194
168,12.90015908
169,12.902198760000001
170,12.90423844
171,12.90627812
172,12.9083178
173,12.91035748
174,12.91239716
175,12.91443684
176,12.91647652
177,12.9185162
178,12.92055588
179,12.92259556
180,12.924635239999999
181,12.92667492
182,12.9287146
183,12.93075428
184,12.93279396
185,12.934833639999999
186,12.93687332
187,12.938913
188,12.938913
189,12.938913
190,12.938913
191,12.938913
192,12.938913
193,12.938913
194,12.938913
195,12.938913
196,12.938913
197,12.938913
198,12.938913
199,12.955910333333334
200,12.972907666666666
201,12.989905
202,12.989905
203,12.989905
204,12.989905
205,12.989905
206,12.989905
207,12.989905
208,12.989905
209,12.989905
210,12.989905
211,12.989905
212,12.989905
213,12.989905
214,12.989905
215,12.989905
216,12.989905
217,12.989905
218,12.989905
219,12.989905
220,12.989905
221,12.989905
222,12.989905
223,12.989905
224,12.989905
225,12.989905
226,12.989905
227,12.989905
228,12.989905
229,12.989905
230,12.989905
231,12.989905
232,12.989905
233,12.989905
234,12.989905
235,12.989905
236,12.989905
237,12.989905
238,12.989905
239,12.989905
240,12.989905
241,12.989905
242,12.989905
243,12.989905
244,12.989905
245,12.989905
246,12.989905
247,12.989905
248,12.989905
249,12.989905
250,12.989905
251,12.989905
252,12.989905
253,12.989905
254,12.989905
255,12.995570888888889
256,13.001236777777779
257,13.006902666666667
258,13.012568555555555
259,13.018234444444445
260,13.023900333333334
261,13.029566222222222
262,13.035232111111112
263,13.040898
264,13.040898
265,13.040898
266,13.040898
267,13.040898
268,13.040898
269,13.040898
270,13.040898
271,13.040898
272,13.040898
273,13.040898
274,13.040898
275,13.040898
276,13.040898
277,13.040898
278,13.040898
279,13.040898
280,13.040898
281,13.040898
282,13.040898
283,13.040898
284,13.040898
285,13.040898
286,13.040898
287,13.040898
288,13.040898
289,13.040898
290,13.040898
291,13.040898
292,13.040898
293,13.040898
294,13.040898
295,13.040898
296,13.040898
297,13.040898
298,13.040898
299,13.040898
300,13.040898
301,13.040898
302,13.040898
303,13.040898
304,13.040898
305,13.040898
306,13.040898
307,13.040898
308,13.040898
309,13.040898
310,13.040898
311,13.040898
312,13.040898
313,13.040898
314,13.040898
315,13.040898
316,13.040898
317,13.040898
318,13.040898
319,13.036975461538463
320,13.033052923076923
321,13.029130384615385
322,13.025207846153846
323,13.021285307692308
324,13.01736276923077
325,13.01344023076923
326,13.009517692307693
327,13.005595153846155
328,13.001672615384615
329,12.997750076923078
330,12.993827538461538
331,12.989905
332,12.989905
333,12.989905
334,12.989905
335,12.989905
336,12.989905
337,12.989905
338,12.989905
339,12.989905
340,12.989905
341,12.989905
342,12.989905
343,12.989905
344,12.989905
345,12.989905
346,12.989905
347,12.989905
348,12.989905
349,12.989905
350,12.989905
351,12.989905
352,12.989905
353,12.989905
354,12.989905
355,12.989905
356,12.989905
357,12.989905
358,12.989905
359,12.989905
360,12.989905
361,12.989905
362,12.989905
363,12.989905
364,12.989905
365,12.989905
366,12.989905
367,12.989905
368,12.989905
369,12.989905
370,12.989905
371,12.989905
372,12.989905
373,12.989905
374,12.989905
375,12.989905
376,12.989905
377,12.989905
378,12.989905
379,12.989905
380,12.989905
381,12.989905
382,12.989905
383,12.989905
384,12.989905
385,12.989905
386,12.989905
387,12.989905
388,12.989905
389,12.989905
390,12.989905
391,12.989905
392,12.989905
393,12.989905
394,12.989905
395,12.989905
396,12.989905
397,12.989905
398,12.989905
399,12.989905
400,12.989905
401,12.989905
402,12.989905
403,12.989905
404,12.989905
405,12.986505533333334
406,12.983106066666666
407,12.9797066
408,12.976307133333334
409,12.972907666666666
410,12.9695082
411,12.966108733333334
412,12.962709266666666
413,12.9593098
414,12.955910333333334
415,12.952510866666666
416,12.9491114
417,12.945711933333333
418,12.942312466666666
419,12.938913
420,12.938913
421,12.938913
422,12.938913
423,12.938913
424,12.938913
425,12.938913
426,12.938913
427,12.938913
428,12.938913
429,12.938913
430,12.938913
431,12.938913
432,12.938913
433,12.938913
434,12.938913
435,12.938913
436,12.938913
437,12.938913
438,12.938913
439,12.938913
440,12.938913
441,12.938913
442,12.938913
443,12.938913
444,12.938913
445,12.938913
446,12.938913
447,12.938913
448,12.938913
449,12.938913
450,12.938913
451,12.938913
452,12.938913
453,12.938913
454,12.938913
455,12.938913
456,12.938913
457,12.938913
458,12.938913
459,12.938913
460,12.938913
461,12.938913
462,12.938913
463,12.938913
464,12.938913
465,12.938913
466,12.938913
467,12.938913
468,12.932539
469,12.926165
470,12.919791
471,12.913416999999999
472,12.907043
473,12.900669
474,12.894295
475,12.887921
476,12.887921
477,12.887921
478,12.887921
479,12.887921
480,12.887921
481,12.887921
482,12.887921
483,12.887921
484,12.887921
485,12.887921
486,12.887921
487,12.887921
488,12.887921
489,12.887921
490,12.887921
491,12.887921
492,12.887921
493,12.887921
494,12.887921
495,12.887921
496,12.887921
497,12.887921
498,12.887921
499,12.887921
500,12.887921
501,12.887921
502,12.887921
503,12.887921
504,12.886579105263158
505,12.885237210526316
506,12.883895315789474
507,12.882553421052632
508,12.88121152631579
509,12.879869631578948
510,12.878527736842106
511,12.877185842105263
512,12.875843947368422
513,12.874502052631579
514,12.873160157894738
515,12.871818263157895
516,12.870476368421052
517,12.86913447368421
518,12.867792578947368
519,12.866450684210527
520,12.865108789473684
521,12.863766894736843
522,12.862425
523,12.861083105263157
524,12.859741210526316
525,12.858399315789473
526,12.857057421052632
527,12.85571552631579
528,12.854373631578948
529,12.853031736842105
530,12.851689842105262
531,12.850347947368421
532,12.849006052631578
533,12.847664157894737
534,12.846322263157894
535,12.844980368421052
536,12.84363847368421
537,12.842296578947368
538,12.840954684210526
539,12.839612789473684
540,12.838270894736842
541,12.836929
542,12.834611136363636
543,12.832293272727272
544,12.829975409090908
545,12.827657545454546
546,12.825339681818182
547,12.823021818181818
548,12.820703954545454
549,12.81838609090909
550,12.816068227272726
551,12.813750363636363
552,12.8114325
553,12.809114636363637
554,12.806796772727273
555,12.804478909090909
556,12.802161045454545
557,12.799843181818181
558,12.797525318181817
559,12.795207454545453
560,12.792889590909091
561,12.790571727272727
562,12.788253863636363
563,12.785936
564,12.785936
565,12.785936
566,12.785936
567,12.785936
568,12.785936
569,12.785936
570,12.785936
571,12.785936
572,12.785936
573,12.785936
574,12.785936
575,12.785936
576,12.785936
577,12.785936
578,12.785936
579,12.785936
580,12.785936
581,12.785936
582,12.785936
583,12.785936
584,12.785936
585,12.785936
586,12.785936
587,12.785936
588,12.782293714285714
589,12.778651428571429
590,12.775009142857142
591,12.771366857142857
592,12.767724571428571
593,12.764082285714286
594,12.76044
595,12.756797714285714
596,12.753155428571429
597,12.749513142857143
598,12.745870857142858
599,12.742228571428571
600,12.738586285714286
601,12.734944
602,12.734944
603,12.734944
604,12.734944
605,12.734944
606,12.734944
607,12.734944
608,12.734944
609,12.734944
610,12.734944
611,12.734944
612,12.734944
613,12.734944
614,12.734944
615,12.734944
616,12.734944
617,12.734944
618,12.734944
619,12.734944
620,12.734944
621,12.734944
622,12.734944
623,12.734944
624,12.734944
625,12.734944
626,12.734944
627,12.734944
628,12.734944
629,12.731021538461539
630,12.727099076923077
631,12.723176615384615
632,12.719254153846155
633,12.715331692307693
634,12.711409230769231
635,12.70748676923077
636,12.703564307692307
637,12.699641846153845
638,12.695719384615385
639,12.691796923076923
640,12.687874461538462
641,12.683952
642,12.683952
643,12.683952
644,12.683952
645,12.683952
646,12.683952
647,12.683952
648,12.683952
649,12.683952
650,12.683952
651,12.683952
652,12.683952
653,12.683952
654,12.683952
655,12.683952
656,12.683952
657,12.683952
658,12.683952
659,12.683952
660,12.683952
661,12.683952
662,12.683952
663,12.683952
664,12.683952
665,12.6814024
666,12.6788528
667,12.6763032
668,12.6737536
669,12.671204
670,12.6686544
671,12.6661048
672,12.6635552
673,12.6610056
674,12.658456000000001
675,12.655906400000001
676,12.653356800000001
677,12.650807200000001
678,12.6482576
679,12.645708
680,12.6431584
681,12.6406088
682,12.6380592
683,12.6355096
684,12.63296
685,12.63296
686,12.63296
687,12.63296
688,12.63296
689,12.63296
690,12.63296
691,12.63296
692,12.63296
693,12.63296
694,12.63296
695,12.63296
696,12.63296
697,12.63296
698,12.63296
699,12.63296
700,12.63296
701,12.63296
702,12.63296
703,12.63296
704,12.625675428571428
705,12.618390857142858
706,12.611106285714285
707,12.603821714285715
708,12.596537142857143
709,12.589252571428572
710,12.581968
711,12.580626078947368
712,12.579284157894737
713,12.577942236842105
714,12.576600315789474
715,12.575258394736842
716,12.57391647368421
717,12.572574552631579
718,12.571232631578948
719,12.569890710526316
720,12.568548789473684
721,12.567206868421053
722,12.565864947368421
723,12.56452302631579
724,12.563181105263158
725,12.561839184210527
726,12.560497263157895
727,12.559155342105264
728,12.557813421052632
729,12.5564715
730,12.555129578947367
731,12.553787657894736
732,12.552445736842104
733,12.551103815789473
734,12.549761894736841
735,12.54841997368421
736,12.547078052631578
737,12.545736131578947
738,12.544394210526315
739,12.543052289473684
740,12.541710368421052
741,12.54036844736842
742,12.539026526315789
743,12.537684605263157
744,12.536342684210526
745,12.535000763157894
746,12.533658842105263
747,12.532316921052631
748,12.530975
749,12.530975
750,12.530975
751,12.530975
752,12.530975
753,12.530975
754,12.530975
755,12.530975
756,12.530975
757,12.530975
758,12.530975
759,12.530975
760,12.530975
761,12.530975
762,12.530975
763,12.530975
764,12.530975
765,12.530975
766,12.530975
767,12.530975
768,12.530975
769,12.530975
770,12.530975
771,12.530975
772,12.530975
773,12.530975
774,12.530975
775,12.530975
776,12.530975
777,12.530975
778,12.530975
779,12.530975
780,12.530975
781,12.526725666666666
782,12.522476333333334
783,12.518227
784,12.513977666666667
785,12.509728333333333
786,12.505479000000001
787,12.501229666666667
788,12.496980333333333
789,12.492731000000001
790,12.488481666666667
791,12.484232333333335
792,12.479983
793,12.479983
794,12.479983
795,12.479983
796,12.479983
797,12.479983
798,12.479983
799,12.479983
800,12.479983
801,12.479983
802,12.479983
803,12.479983
804,12.479983
805,12.479983
806,12.479983
807,12.479983
808,12.479983
809,12.479983
810,12.479983
811,12.479983
812,12.479983
813,12.479983
814,12.479983
815,12.479983
816,12.479983
817,12.4774334
818,12.4748838
819,12.4723342
820,12.4697846
821,12.467235
822,12.4646854
823,12.4621358
824,12.4595862
825,12.4570366
826,12.454487
827,12.4519374
828,12.4493878
829,12.4468382
830,12.4442886
831,12.441739
832,12.4391894
833,12.4366398
834,12.4340902
835,12.4315406
836,12.428991
837,12.426307210526316
838,12.423623421052632
839,12.420939631578948
840,12.418255842105264
841,12.415572052631578
842,12.412888263157894
843,12.41020447368421
844,12.407520684210526
845,12.404836894736842
846,12.402153105263158
847,12.399469315789474
848,12.39678552631579
849,12.394101736842106
850,12.391417947368423
851,12.388734157894737
852,12.386050368421053
853,12.383366578947369
854,12.380682789473685
855,12.377999
856,12.377999
857,12.377999
858,12.377999
859,12.377999
860,12.377999
861,12.377999
862,12.377999
863,12.377999
864,12.377999
865,12.377999
866,12.377999
867,12.377999
868,12.377999
869,12.377999
870,12.377999
871,12.377999
872,12.377999
873,12.377999
874,12.377999
875,12.377999
876,12.377999
877,12.377999
878,12.377999
879,12.377999
880,12.377999
881,12.377999
882,12.375959306666667
883,12.373919613333333
884,12.371879920000001
885,12.369840226666668
886,12.367800533333334
887,12.36576084
888,12.363721146666668
889,12.361681453333334
890,12.35964176
891,12.357602066666667
892,12.355562373333333
893,12.353522680000001
894,12.351482986666667
895,12.349443293333334
896,12.3474036
897,12.345363906666668
898,12.343324213333334
899,12.34128452
900,12.339244826666667
901,12.337205133333335
902,12.33516544
903,12.333125746666667
904,12.331086053333333
905,12.32904636
906,12.327006666666668
907,12.324966973333334
908,12.32292728
909,12.320887586666666
910,12.318847893333334
911,12.3168082
912,12.314768506666667
913,12.312728813333333
914,12.31068912
915,12.308649426666667
916,12.306609733333334
917,12.30457004
918,12.302530346666666
919,12.300490653333334
920,12.29845096
921,12.296411266666667
922,12.294371573333333
923,12.29233188
924,12.290292186666667
925,12.288252493333333
926,12.2862128
927,12.284173106666666
928,12.282133413333334
929,12.28009372
930,12.278054026666666
931,12.276014333333332
932,12.27397464
933,12.271934946666667
934,12.269895253333333
935,12.26785556
936,12.265815866666665
937,12.263776173333333
938,12.26173648
939,12.259696786666666
940,12.257657093333332
941,12.2556174
942,12.253577706666666
943,12.251538013333333
944,12.249498319999999
945,12.247458626666667
946,12.245418933333333
947,12.24337924
948,12.241339546666666
949,12.239299853333332
950,12.23726016
951,12.235220466666666
952,12.233180773333332
953,12.231141079999999
954,12.229101386666667
955,12.227061693333333
956,12.225022
957,12.225022
958,12.225022
959,12.225022
960,12.225022
961,12.225022
962,12.225022
963,12.225022
964,12.225022
965,12.225022
966,12.225022
967,12.225022
968,12.225022
969,12.225022
970,12.225022
971,12.225022
972,12.225022
973,12.225022
974,12.225022
975,12.225022
976,12.225022
977,12.2224724
978,12.219922799999999
979,12.217373199999999
980,12.214823599999999
981,12.212273999999999
982,12.209724399999999
983,12.207174799999999
984,12.204625199999999
985,12.202075599999999
986,12.199525999999999
987,12.1969764
988,12.1944268
989,12.1918772
990,12.1893276
991,12.186778
992,12.1842284
993,12.1816788
994,12.1791292
995,12.1765796
996,12.17403
997,12.17403
998,12.17403
999,12.17403
1000,12.17403
1001,12.17403
1002,12.17403
1003,12.17403
1004,12.17403
1005,12.17403
1006,12.17403
1007,12.17403
1008,12.17403
1009,12.17403
1010,12.17403
1011,12.17403
1012,12.17403
1013,12.17403
1014,12.17403
1015,12.17403
1016,12.17403
1017,12.17403
1018,12.17403
1019,12.17403
1020,12.17403
1021,12.17403
1022,12.17403
1023,12.166745428571428
1024,12.159460857142857
1025,12.152176285714285
1026,12.144891714285714
1027,12.137607142857142
1028,12.130322571428572
1029,12.123038
1030,12.123038
1031,12.123038
1032,12.123038
1033,12.123038
1034,12.123038
1035,12.123038
1036,12.123038
1037,12.123038
1038,12.123038
1039,12.123038
1040,12.123038
1041,12.123038
1042,12.123038
1043,12.123038
1044,12.123038
1045,12.123038
1046,12.123038
1047,12.123038
1048,12.123038
1049,12.123038
1050,12.123038
1051,12.123038
1052,12.123038
1053,12.116663874999999
1054,12.11028975
1055,12.103915624999999
1056,12.097541499999998
1057,12.091167375
1058,12.084793249999999
1059,12.078419125
1060,12.072045
1061,12.072045
1062,12.072045
1063,12.072045
1064,12.072045
1065,12.072045
1066,12.072045
1067,12.072045
1068,12.072045
1069,12.072045
1070,12.072045
1071,12.072045
1072,12.072045
1073,12.072045
1074,12.072045
1075,12.072045
1076,12.072045
1077,12.072045
1078,12.072045
1079,12.072045
1080,12.072045
1081,12.072045
1082,12.072045
1083,12.072045
1084,12.068122538461537
1085,12.064200076923075
1086,12.060277615384615
1087,12.056355153846154
1088,12.052432692307692
1089,12.04851023076923
1090,12.04458776923077
1091,12.040665307692308
1092,12.036742846153846
1093,12.032820384615384
1094,12.028897923076924
1095,12.024975461538462
1096,12.021053
1097,12.019553235294119
1098,12.018053470588235
1099,12.016553705882353
1100,12.01505394117647
1101,12.013554176470588
1102,12.012054411764707
1103,12.010554647058823
1104,12.009054882352942
1105,12.007555117647058
1106,12.006055352941177
1107,12.004555588235293
1108,12.003055823529412
1109,12.00155605882353
1110,12.000056294117647
1111,11.998556529411765
1112,11.997056764705881
1113,11.995557
1114,11.994057235294118
1115,11.992557470588235
1116,11.991057705882353
1117,11.98955794117647
1118,11.988058176470588
1119,11.986558411764706
1120,11.985058647058823
1121,11.983558882352941
1122,11.982059117647058
1123,11.980559352941176
1124,11.979059588235293
1125,11.977559823529411
1126,11.97606005882353
1127,11.974560294117646
1128,11.973060529411764
1129,11.971560764705881
1130,11.970061
1131,11.970061
1132,11.970061
1133,11.970061
1134,11.970061
1135,11.970061
1136,11.970061
1137,11.970061
1138,11.970061
1139,11.970061
1140,11.970061
1141,11.970061
1142,11.970061
1143,11.970061
1144,11.970061
1145,11.970061
1146,11.970061
1147,11.970061
1148,11.970061
1149,11.970061
1150,11.970061
1151,11.970061
1152,11.970061
1153,11.970061
1154,11.970061
1155,11.970061
1156,11.957313
1157,11.944565
1158,11.931817
1159,11.919069
1160,11.919069
1161,11.919069
1162,11.919069
1163,11.919069
1164,11.919069
1165,11.919069
1166,11.919069
1167,11.919069
1168,11.919069
1169,11.919069
1170,11.919069
1171,11.919069
1172,11.919069
1173,11.919069
1174,11.919069
1175,11.919069
1176,11.919069
1177,11.919069
1178,11.919069
1179,11.919069
1180,11.919069
1181,11.919069
1182,11.919069
1183,11.919069
1184,11.919069
1185,11.919069
1186,11.91742406451613
1187,11.91577912903226
1188,11.914134193548387
1189,11.912489258064516
1190,11.910844322580646
1191,11.909199387096775
1192,11.907554451612903
1193,11.905909516129032
1194,11.904264580645162
1195,11.902619645161291
1196,11.90097470967742
1197,11.899329774193548
1198,11.897684838709678
1199,11.896039903225807
1200,11.894394967741936
1201,11.892750032258064
1202,11.891105096774194
1203,11.889460161290323
1204,11.887815225806452
1205,11.88617029032258
1206,11.88452535483871
1207,11.882880419354839
1208,11.881235483870968
1209,11.879590548387098
1210,11.877945612903225
1211,11.876300677419355
1212,11.874655741935484
1213,11.873010806451614
1214,11.871365870967741
1215,11.86972093548387
1216,11.868076
1217,11.868076
1218,11.868076
1219,11.868076
1220,11.8655264
1221,11.8629768
1222,11.8604272
1223,11.8578776
1224,11.855328
1225,11.8527784
1226,11.8502288
1227,11.8476792
1228,11.8451296
1229,11.84258
1230,11.8400304
1231,11.8374808
1232,11.8349312
1233,11.8323816
1234,11.829832
1235,11.8272824
1236,11.8247328
1237,11.8221832
1238,11.8196336
1239,11.817084
1240,11.817084
1241,11.817084
1242,11.817084
1243,11.817084
1244,11.817084
1245,11.817084
1246,11.817084
1247,11.817084
1248,11.817084
1249,11.817084
1250,11.817084
1251,11.817084
1252,11.817084
1253,11.817084
1254,11.817084
1255,11.817084
1256,11.817084
1257,11.817084
1258,11.817084
1259,11.8119848
1260,11.8068856
1261,11.8017864
1262,11.7966872
1263,11.791588
1264,11.7864888
1265,11.7813896
1266,11.7762904
1267,11.7711912
1268,11.766092
1269,11.766092
1270,11.766092
1271,11.766092
1272,11.766092
1273,11.766092
1274,11.766092
1275,11.766092
1276,11.766092
1277,11.766092
1278,11.766092
1279,11.766092
1280,11.766092
1281,11.766092
1282,11.766092
1283,11.766092
1284,11.766092
1285,11.766092
1286,11.766092
1287,11.766092
1288,11.766092
1289,11.766092
1290,11.766092
1291,11.766092
1292,11.766092
1293,11.766092
1294,11.766092
1295,11.766092
1296,11.749094666666666
1297,11.732097333333334
1298,11.7151
1299,11.7151
1300,11.7151
1301,11.7151
1302,11.7151
1303,11.7151
1304,11.7151
1305,11.7151
1306,11.7151
1307,11.7151
1308,11.7151
1309,11.7151
1310,11.7151
1311,11.7151
1312,11.7151
1313,11.7151
1314,11.7151
1315,11.7151
1316,11.7151
1317,11.7151
1318,11.7151
1319,11.7151
1320,11.7151
1321,11.7151
1322,11.7151
1323,11.7151
1324,11.7151
1325,11.7151
1326,11.7151
1327,11.7151
1328,11.7151
1329,11.713211407407407
1330,11.711322814814814
1331,11.709434222222223
1332,11.70754562962963
1333,11.705657037037037
1334,11.703768444444444
1335,11.701879851851851
1336,11.699991259259258
1337,11.698102666666667
1338,11.696214074074074
1339,11.694325481481481
1340,11.692436888888889
1341,11.690548296296296
1342,11.688659703703705
1343,11.686771111111112
1344,11.684882518518519
1345,11.682993925925926
1346,11.681105333333333
1347,11.679216740740742
1348,11.677328148148149
1349,11.675439555555556
1350,11.673550962962963
1351,11.67166237037037
1352,11.669773777777777
1353,11.667885185185186
1354,11.665996592592593
1355,11.664108
1356,11.658442111111112
1357,11.652776222222222
1358,11.647110333333334
1359,11.641444444444446
1360,11.635778555555556
1361,11.630112666666667
1362,11.624446777777779
1363,11.618780888888889
1364,11.613115
1365,11.613115
1366,11.613115
1367,11.613115
1368,11.613115
1369,11.613115
1370,11.613115
1371,11.613115
1372,11.613115
1373,11.613115
1374,11.613115
1375,11.613115
1376,11.613115
1377,11.613115
1378,11.613115
1379,11.613115
1380,11.613115
1381,11.613115
1382,11.613115
1383,11.613115
1384,11.613115
1385,11.613115
1386,11.613115
1387,11.613115
1388,11.613115
1389,11.613115
1390,11.613115
1391,11.613115
1392,11.6080158
1393,11.6029166
1394,11.5978174
1395,11.5927182
1396,11.587619
1397,11.5825198
1398,11.5774206
1399,11.5723214
1400,11.5672222
1401,11.562123
1402,11.562123
1403,11.562123
1404,11.562123
1405,11.562123
1406,11.562123
1407,11.562123
1408,11.562123
1409,11.562123
1410,11.562123
1411,11.562123
1412,11.562123
1413,11.562123
1414,11.562123
1415,11.562123
1416,11.562123
1417,11.559439210526316
1418,11.556755421052632
1419,11.554071631578948
1420,11.551387842105264
1421,11.548704052631578
1422,11.546020263157894
1423,11.54333647368421
1424,11.540652684210526
1425,11.537968894736842
1426,11.535285105263158
1427,11.532601315789474
1428,11.52991752631579
1429,11.527233736842106
1430,11.524549947368422
1431,11.521866157894737
1432,11.519182368421053
1433,11.516498578947369
1434,11.513814789473685
1435,11.511131
1436,11.511131
1437,11.511131
1438,11.511131
1439,11.511131
1440,11.511131
1441,11.511131
1442,11.511131
1443,11.511131
1444,11.511131
1445,11.511131
1446,11.511131
1447,11.50958578787879
1448,11.508040575757576
1449,11.506495363636365
1450,11.504950151515152
1451,11.50340493939394
1452,11.501859727272727
1453,11.500314515151516
1454,11.498769303030304
1455,11.497224090909091
1456,11.49567887878788
1457,11.494133666666666
1458,11.492588454545455
1459,11.491043242424242
1460,11.48949803030303
1461,11.48795281818182
1462,11.486407606060606
1463,11.484862393939395
1464,11.483317181818181
1465,11.48177196969697
1466,11.480226757575759
1467,11.478681545454545
1468,11.477136333333334
1469,11.47559112121212
1470,11.47404590909091
1471,11.472500696969696
1472,11.470955484848485
1473,11.469410272727274
1474,11.46786506060606
1475,11.466319848484849
1476,11.464774636363636
1477,11.463229424242424
1478,11.461684212121211
1479,11.460139
1480,11.460139
1481,11.460139
1482,11.460139
1483,11.460139
1484,11.460139
1485,11.460139
1486,11.460139
1487,11.460139
1488,11.460139
1489,11.460139
1490,11.460139
1491,11.460139
1492,11.460139
1493,11.460139
1494,11.460139
1495,11.460139
1496,11.460139
1497,11.460139
1498,11.44739075
1499,11.434642499999999
1500,11.42189425
1501,11.409146
1502,11.409146
1503,11.409146
1504,11.409146
1505,11.409146
1506,11.409146
1507,11.409146
1508,11.409146
1509,11.409146
1510,11.409146
1511,11.409146
1512,11.409146
1513,11.409146
1514,11.409146
1515,11.409146
1516,11.409146
1517,11.409146
1518,11.409146
1519,11.409146
1520,11.409146
1521,11.409146
1522,11.409146
1523,11.409146
1524,11.409146
1525,11.409146
1526,11.409146
1527,11.409146
1528,11.409146
1529,11.409146
1530,11.409146
1531,11.3989476
1532,11.3887492
1533,11.378550800000001
1534,11.368352400000001
1535,11.358154
1536,11.356737555555556
1537,11.355321111111111
1538,11.353904666666667
1539,11.352488222222222
1540,11.35107177777778
1541,11.349655333333335
1542,11.34823888888889
1543,11.346822444444445
1544,11.345406
1545,11.343989555555556
1546,11.342573111111111
1547,11.341156666666667
1548,11.339740222222222
1549,11.338323777777779
1550,11.336907333333334
1551,11.33549088888889
1552,11.334074444444445
1553,11.332658
1554,11.331241555555556
1555,11.329825111111111
1556,11.328408666666666
1557,11.326992222222222
1558,11.325575777777779
1559,11.324159333333334
1560,11.32274288888889
1561,11.321326444444445
1562,11.31991
1563,11.318493555555555
1564,11.31707711111111
1565,11.315660666666666
1566,11.314244222222221
1567,11.312827777777779
1568,11.311411333333334
1569,11.30999488888889
1570,11.308578444444445
1571,11.307162
1572,11.307162
1573,11.307162
1574,11.307162
1575,11.307162
1576,11.307162
1577,11.307162
1578,11.307162
1579,11.307162
1580,11.307162
1581,11.307162
1582,11.307162
1583,11.307162
1584,11.307162
1585,11.307162
1586,11.307162
1587,11.307162
1588,11.307162
1589,11.307162
1590,11.307162
1591,11.307162
1592,11.307162
1593,11.307162
1594,11.307162
1595,11.307162
1596,11.307162
1597,11.307162
1598,11.307162
1599,11.298663333333334
1600,11.290164666666666
1601,11.281666
1602,11.273167333333333
1603,11.264668666666665
1604,11.25617
1605,11.25617
1606,11.25617
1607,11.25617
1608,11.25617
1609,11.25617
1610,11.25617
1611,11.25617
1612,11.25617
1613,11.25617
1614,11.25617
1615,11.25617
1616,11.25617
1617,11.25617
1618,11.25617
1619,11.25617
1620,11.25617
1621,11.25617
1622,11.25617
1623,11.25617
1624,11.25617
1625,11.25617
1626,11.25617
1627,11.25617
1628,11.25617
1629,11.25617
1630,11.25617
1631,11.25617
1632,11.25617
1633,11.25617
1634,11.25617
1635,11.25617
1636,11.25617
1637,11.25617
1638,11.230674
1639,11.205178
1640,11.205178
1641,11.205178
1642,11.205178
1643,11.205178
1644,11.205178
1645,11.205178
1646,11.205178
1647,11.205178
1648,11.205178
1649,11.205178
1650,11.205178
1651,11.205178
1652,11.205178
1653,11.205178
1654,11.205178
1655,11.205178
1656,11.205178
1657,11.205178
1658,11.205178
1659,11.205178
1660,11.205178
1661,11.205178
1662,11.205178
1663,11.205178
1664,11.205178
1665,11.201778466666667
1666,11.198378933333334
1667,11.1949794
1668,11.191579866666666
1669,11.188180333333333
1670,11.1847808
1671,11.181381266666667
1672,11.177981733333333
1673,11.1745822
1674,11.171182666666667
1675,11.167783133333334
1676,11.1643836
1677,11.160984066666666
1678,11.157584533333333
1679,11.154185
1680,11.154185
1681,11.154185
1682,11.154185
1683,11.154185
1684,11.154185
1685,11.154185
1686,11.154185
1687,11.154185
1688,11.154185
1689,11.154185
1690,11.154185
1691,11.154185
1692,11.154185
1693,11.154185
1694,11.154185
1695,11.154185
1696,11.154185
1697,11.154185
1698,11.154185
1699,11.154185
1700,11.154185
1701,11.154185
1702,11.154185
1703,11.154185
1704,11.154185
1705,11.154185
1706,11.137187666666666
1707,11.120190333333333
1708,11.103193
1709,11.103193
1710,11.103193
1711,11.103193
1712,11.103193
1713,11.103193
1714,11.103193
1715,11.103193
1716,11.103193
1717,11.103193
1718,11.103193
1719,11.103193
1720,11.103193
1721,11.103193
1722,11.103193
1723,11.103193
1724,11.103193
1725,11.103193
1726,11.103193
1727,11.103193
1728,11.103193
1729,11.103193
1730,11.103193
1731,11.103193
1732,11.103193
1733,11.103193
1734,11.103193
1735,11.103193
1736,11.100193470588234
1737,11.097193941176469
1738,11.094194411764706
1739,11.09119488235294
1740,11.088195352941176
1741,11.08519582352941
1742,11.082196294117647
1743,11.079196764705882
1744,11.076197235294117
1745,11.073197705882352
1746,11.070198176470589
1747,11.067198647058824
1748,11.064199117647059
1749,11.061199588235294
1750,11.05820005882353
1751,11.055200529411765
1752,11.052201
1753,11.052201
1754,11.052201
1755,11.052201
1756,11.052201
1757,11.052201
1758,11.052201
1759,11.052201
1760,11.052201
1761,11.052201
1762,11.052201
1763,11.052201
1764,11.052201
1765,11.052201
1766,11.052201
1767,11.052201
1768,11.052201
1769,11.052201
1770,11.049517210526316
1771,11.046833421052632
1772,11.044149631578948
1773,11.041465842105262
1774,11.038782052631579
1775,11.036098263157895
1776,11.03341447368421
1777,11.030730684210527
1778,11.028046894736843
1779,11.025363105263157
1780,11.022679315789473
1781,11.019995526315789
1782,11.017311736842105
1783,11.014627947368421
1784,11.011944157894737
1785,11.009260368421051
1786,11.006576578947367
1787,11.003892789473683
1788,11.001209
1789,11.001209
1790,11.001209
1791,11.001209
1792,11.001209
1793,11.001209
1794,11.001209
1795,11.001209
1796,11.001209
1797,11.001209
1798,11.001209
1799,11.001209
1800,11.001209
1801,11.001209
1802,11.001209
1803,11.001209
1804,11.001209
1805,11.001209
1806,11.001209
1807,11.001209
1808,10.997286461538462
1809,10.993363923076922
1810,10.989441384615384
1811,10.985518846153845
1812,10.981596307692307
1813,10.977673769230769
1814,10.97375123076923
1815,10.969828692307692
1816,10.965906153846154
1817,10.961983615384614
1818,10.958061076923077
1819,10.954138538461537
1820,10.950216
1821,10.950216
1822,10.950216
1823,10.950216
1824,10.950216
1825,10.950216
1826,10.950216
1827,10.950216
1828,10.950216
1829,10.950216
1830,10.950216
1831,10.950216
1832,10.950216
1833,10.950216
1834,10.950216
1835,10.950216
1836,10.950216
1837,10.950216
1838,10.950216
1839,10.950216
1840,10.950216
1841,10.950216
1842,10.950216
1843,10.950216
1844,10.950216
1845,10.9451168
1846,10.9400176
1847,10.934918399999999
1848,10.929819199999999
1849,10.92472
1850,10.9196208
1851,10.9145216
1852,10.9094224
1853,10.9043232
1854,10.899224
1855,10.899224
1856,10.899224
1857,10.899224
1858,10.899224
1859,10.899224
1860,10.899224
1861,10.899224
1862,10.899224
1863,10.899224
1864,10.899224
1865,10.896391111111111
1866,10.893558222222222
1867,10.890725333333334
1868,10.887892444444445
1869,10.885059555555555
1870,10.882226666666666
1871,10.879393777777778
1872,10.87656088888889
1873,10.873728
1874,10.87089511111111
1875,10.868062222222221
1876,10.865229333333334
1877,10.862396444444444
1878,10.859563555555555
1879,10.856730666666666
1880,10.853897777777778
1881,10.851064888888889
1882,10.848232
1883,10.848232
1884,10.848232
1885,10.848232
1886,10.848232
1887,10.848232
1888,10.848232
1889,10.848232
1890,10.848232
1891,10.848232
1892,10.848232
1893,10.848232
1894,10.848232
1895,10.848232
1896,10.848232
1897,10.848232
1898,10.848232
1899,10.848232
1900,10.848232
1901,10.8456824
1902,10.8431328
1903,10.8405832
1904,10.8380336
1905,10.835484
1906,10.8329344
1907,10.8303848
1908,10.827835199999999
1909,10.825285599999999
1910,10.822735999999999
1911,10.8201864
1912,10.8176368
1913,10.8150872
1914,10.8125376
1915,10.809988
1916,10.8074384
1917,10.8048888
1918,10.8023392
1919,10.7997896
1920,10.79724
1921,10.79724
1922,10.79724
1923,10.79724
1924,10.79724
1925,10.79724
1926,10.79724
1927,10.79724
1928,10.79724
1929,10.79724
1930,10.79724
1931,10.79724
1932,10.79520028
1933,10.79316056
1934,10.79112084
1935,10.78908112
1936,10.7870414
1937,10.78500168
1938,10.78296196
1939,10.78092224
1940,10.77888252
1941,10.7768428
1942,10.77480308
1943,10.77276336
1944,10.77072364
1945,10.76868392
1946,10.7666442
1947,10.764604480000001
1948,10.76256476
1949,10.760525040000001
1950,10.75848532
1951,10.756445600000001
1952,10.75440588
1953,10.752366160000001
1954,10.75032644
1955,10.748286720000001
1956,10.746247
1957,10.746247
1958,10.746247
1959,10.746247
1960,10.746247
1961,10.746247
1962,10.746247
1963,10.746247
1964,10.746247
1965,10.746247
1966,10.746247
1967,10.746247
1968,10.746247
1969,10.746247
1970,10.746247
1971,10.746247
1972,10.746247
1973,10.746247
1974,10.746247
1975,10.746247
1976,10.746247
1977,10.746247
1978,10.746247
1979,10.746247
1980,10.746247
1981,10.746247
1982,10.746247
1983,10.7360486
1984,10.7258502
1985,10.7156518
1986,10.7054534
1987,10.695255
1988,10.695255
1989,10.695255
1990,10.695255
1991,10.695255
1992,10.695255
1993,10.695255
1994,10.695255
1995,10.695255
1996,10.695255
1997,10.695255
1998,10.695255
1999,10.695255
2000,10.693496655172414
2001,10.691738310344828
2002,10.68997996551724
2003,10.688221620689655
2004,10.686463275862069
2005,10.684704931034483
2006,10.682946586206896
2007,10.68118824137931
2008,10.679429896551724
2009,10.677671551724139
2010,10.675913206896551
2011,10.674154862068965
2012,10.67239651724138
2013,10.670638172413794
2014,10.668879827586206
2015,10.66712148275862
2016,10.665363137931035
2017,10.663604793103449
2018,10.661846448275861
2019,10.660088103448276
2020,10.65832975862069
2021,10.656571413793104
2022,10.654813068965517
2023,10.653054724137931
2024,10.651296379310345
2025,10.64953803448276
2026,10.647779689655172
2027,10.646021344827586
2028,10.644263
2029,10.644263
2030,10.644263
2031,10.644263
2032,10.644263
2033,10.644263
2034,10.644263
2035,10.644263
2036,10.644263
2037,10.644263
2038,10.644263
2039,10.644263
2040,10.644263
2041,10.644263
2042,10.644263
2043,10.644263
2044,10.644263
2045,10.644263
2046,10.644263
2047,10.644263
2048,10.644263
2049,10.644263
2050,10.644263
2051,10.636978428571428
2052,10.629693857142858
2053,10.622409285714285
2054,10.615124714285715
2055,10.607840142857142
2056,10.600555571428572
2057,10.593271
2058,10.593271
2059,10.593271
2060,10.593271
2061,10.593271
2062,10.593271
2063,10.593271
2064,10.593271
2065,10.593271
2066,10.593271
2067,10.593271
2068,10.593271
2069,10.593271
2070,10.593271
2071,10.593271
2072,10.593271
2073,10.593271
2074,10.593271
2075,10.593271
2076,10.593271
2077,10.593271
2078,10.593271
2079,10.593271
2080,10.593271
2081,10.593271
2082,10.593271
2083,10.593271
2084,10.593271
2085,10.593271
2086,10.593271
2087,10.593271
2088,10.593271
2089,10.593271
2090,10.589348461538462
2091,10.585425923076922
2092,10.581503384615385
2093,10.577580846153845
2094,10.573658307692307
2095,10.56973576923077
2096,10.56581323076923
2097,10.561890692307692
2098,10.557968153846154
2099,10.554045615384615
2100,10.550123076923077
2101,10.546200538461537
2102,10.542278
2103,10.540778235294118
2104,10.539278470588235
2105,10.537778705882353
2106,10.53627894117647
2107,10.534779176470588
2108,10.533279411764706
2109,10.531779647058823
2110,10.530279882352941
2111,10.52878011764706
2112,10.527280352941176
2113,10.525780588235294
2114,10.524280823529411
2115,10.52278105882353
2116,10.521281294117648
2117,10.519781529411764
2118,10.518281764705883
2119,10.516782
2120,10.515282235294118
2121,10.513782470588236
2122,10.512282705882352
2123,10.51078294117647
2124,10.50928317647059
2125,10.507783411764706
2126,10.506283647058824
2127,10.50478388235294
2128,10.503284117647059
2129,10.501784352941177
2130,10.500284588235294
2131,10.498784823529412
2132,10.49728505882353
2133,10.495785294117647
2134,10.494285529411766
2135,10.492785764705882
2136,10.491286
2137,10.491286
2138,10.491286
2139,10.491286
2140,10.491286
2141,10.491286
2142,10.491286
2143,10.491286
2144,10.491286
2145,10.491286
2146,10.491286
2147,10.491286
2148,10.487643714285715
2149,10.484001428571428
2150,10.480359142857143
2151,10.476716857142858
2152,10.473074571428572
2153,10.469432285714285
2154,10.46579
2155,10.462147714285715
2156,10.458505428571428
2157,10.454863142857143
2158,10.451220857142857
2159,10.447578571428572
2160,10.443936285714285
2161,10.440294
2162,10.440294
2163,10.440294
2164,10.440294
2165,10.440294
2166,10.440294
2167,10.440294
2168,10.440294
2169,10.440294
2170,10.440294
2171,10.440294
2172,10.440294
2173,10.440294
2174,10.440294
2175,10.440294
2176,10.440294
2177,10.440294
2178,10.440294
2179,10.440294
2180,10.440294
2181,10.440294
2182,10.440294
2183,10.440294
2184,10.440294
2185,10.440294
2186,10.440294
2187,10.440294
2188,10.440294
2189,10.440294
2190,10.440294
2191,10.440294
2192,10.440294
2193,10.43300942857143
2194,10.425724857142857
2195,10.418440285714286
2196,10.411155714285714
2197,10.403871142857144
2198,10.396586571428571
2199,10.389302
2200,10.389302
2201,10.389302
2202,10.389302
2203,10.389302
2204,10.389302
2205,10.389302
2206,10.389302
2207,10.389302
2208,10.389302
2209,10.389302
2210,10.389302
2211,10.389302
2212,10.389302
2213,10.389302
2214,10.389302
2215,10.389302
2216,10.38687380952381
2217,10.38444561904762
2218,10.382017428571428
2219,10.379589238095239
2220,10.377161047619047
2221,10.374732857142858
2222,10.372304666666667
2223,10.369876476190477
2224,10.367448285714286
2225,10.365020095238096
2226,10.362591904761905
2227,10.360163714285715
2228,10.357735523809524
2229,10.355307333333334
2230,10.352879142857143
2231,10.350450952380953
2232,10.348022761904762
2233,10.345594571428572
2234,10.34316638095238
2235,10.340738190476191
2236,10.33831
2237,10.33831
2238,10.33831
2239,10.33831
2240,10.33831
2241,10.33831
2242,10.33831
2243,10.33831
2244,10.33831
2245,10.33831
2246,10.33831
2247,10.33831
2248,10.33831
2249,10.33831
2250,10.33831
2251,10.33831
2252,10.33831
2253,10.33831
2254,10.33831
2255,10.33831
2256,10.33831
2257,10.33831
2258,10.33831
2259,10.33831
2260,10.33831
2261,10.33831
2262,10.33831
2263,10.33831
2264,10.33831
2265,10.33831
2266,10.321312333333333
2267,10.304314666666667
2268,10.287317
2269,10.287317
2270,10.287317
2271,10.287317
2272,10.287317
2273,10.287317
2274,10.287317
2275,10.287317
2276,10.287317
2277,10.287317
2278,10.287317
2279,10.287317
2280,10.287317
2281,10.287317
2282,10.287317
2283,10.287317
2284,10.287317
2285,10.287317
2286,10.287317
2287,10.287317
2288,10.287317
2289,10.287317
2290,10.287317
2291,10.287317
2292,10.287317
2293,10.287317
2294,10.287317
2295,10.287317
2296,10.287317
2297,10.287317
2298,10.287317
2299,10.287317
2300,10.287317
2301,10.287317
2302,10.287317
2303,10.28413
2304,10.280943
2305,10.277756
2306,10.274569
2307,10.271382000000001
2308,10.268195
2309,10.265008
2310,10.261821000000001
2311,10.258634
2312,10.255447
2313,10.25226
2314,10.249073000000001
2315,10.245886
2316,10.242699
2317,10.239512000000001
2318,10.236325
2319,10.236325
2320,10.236325
2321,10.236325
2322,10.236325
2323,10.236325
2324,10.236325
2325,10.236325
2326,10.236325
2327,10.236325
2328,10.236325
2329,10.236325
2330,10.236325
2331,10.236325
2332,10.236325
2333,10.236325
2334,10.236325
2335,10.236325
2336,10.236325
2337,10.236325
2338,10.229040428571428
2339,10.221755857142858
2340,10.214471285714286
2341,10.207186714285715
2342,10.199902142857143
2343,10.192617571428572
2344,10.185333
2345,10.185333
2346,10.185333
2347,10.185333
2348,10.185333
2349,10.185333
2350,10.185333
2351,10.185333
2352,10.185333
2353,10.185333
2354,10.185333
2355,10.185333
2356,10.185333
2357,10.185333
2358,10.185333
2359,10.185333
2360,10.185333
2361,10.185333
2362,10.185333
2363,10.185333
2364,10.185333
2365,10.183015181818181
2366,10.180697363636364
2367,10.178379545454545
2368,10.176061727272726
2369,10.17374390909091
2370,10.17142609090909
2371,10.169108272727273
2372,10.166790454545454
2373,10.164472636363636
2374,10.162154818181818
2375,10.159837
2376,10.15751918181818
2377,10.155201363636364
2378,10.152883545454545
2379,10.150565727272726
2380,10.148247909090909
2381,10.14593009090909
2382,10.143612272727273
2383,10.141294454545454
2384,10.138976636363635
2385,10.136658818181818
2386,10.134341
2387,10.134341
2388,10.134341
2389,10.134341
2390,10.134341
2391,10.134341
2392,10.134341
2393,10.134341
2394,10.134341
2395,10.133033487179487
2396,10.131725974358973
2397,10.130418461538461
2398,10.129110948717948
2399,10.127803435897436
2400,10.126495923076922
2401,10.12518841025641
2402,10.123880897435898
2403,10.122573384615384
2404,10.121265871794872
2405,10.119958358974358
2406,10.118650846153846
2407,10.117343333333332
2408,10.11603582051282
2409,10.114728307692307
2410,10.113420794871795
2411,10.112113282051283
2412,10.110805769230769
2413,10.109498256410257
2414,10.108190743589743
2415,10.106883230769231
2416,10.105575717948717
2417,10.104268205128205
2418,10.102960692307693
2419,10.10165317948718
2420,10.100345666666668
2421,10.099038153846154
2422,10.097730641025642
2423,10.096423128205128
2424,10.095115615384616
2425,10.093808102564102
2426,10.09250058974359
2427,10.091193076923078
2428,10.089885564102564
2429,10.088578051282052
2430,10.087270538461539
2431,10.085963025641027
2432,10.084655512820513
2433,10.083348
2434,10.083348
2435,10.083348
2436,10.083348
2437,10.079705714285716
2438,10.076063428571429
2439,10.072421142857143
2440,10.068778857142858
2441,10.065136571428573
2442,10.061494285714286
2443,10.057852
2444,10.054209714285715
2445,10.050567428571428
2446,10.046925142857143
2447,10.043282857142858
2448,10.039640571428572
2449,10.035998285714285
2450,10.032356
2451,10.032356
2452,10.032356
2453,10.032356
2454,10.032356
2455,10.032356
2456,10.030899085714285
2457,10.029442171428572
2458,10.027985257142857
2459,10.026528342857143
2460,10.025071428571428
2461,10.023614514285715
2462,10.0221576
2463,10.020700685714285
2464,10.019243771428572
2465,10.017786857142857
2466,10.016329942857142
2467,10.014873028571428
2468,10.013416114285715
2469,10.0119592
2470,10.010502285714285
2471,10.009045371428572
2472,10.007588457142857
2473,10.006131542857142
2474,10.004674628571427
2475,10.003217714285714
2476,10.0017608
2477,10.000303885714285
2478,9.998846971428572
2479,9.997390057142857
2480,9.995933142857142
2481,9.994476228571427
2482,9.993019314285714
2483,9.9915624
2484,9.990105485714285
2485,9.988648571428572
2486,9.987191657142857
2487,9.985734742857142
2488,9.984277828571427
2489,9.982820914285714
2490,9.981364
2491,9.981364
2492,9.981364
2493,9.981364
2494,9.981364
2495,9.981364
2496,9.981364
2497,9.981364
2498,9.981364
2499,9.981364
2500,9.981364
2501,9.981364
2502,9.981364
2503,9.981364
2504,9.981364
2505,9.981364
2506,9.981364
2507,9.981364
2508,9.981364
2509,9.981364
2510,9.981364
2511,9.981364
2512,9.981364
2513,9.975698222222222
2514,9.970032444444444
2515,9.964366666666667
2516,9.958700888888888
2517,9.953035111111111
2518,9.947369333333333
2519,9.941703555555556
2520,9.936037777777777
2521,9.930372
2522,9.930372
2523,9.930372
2524,9.930372
2525,9.930372
2526,9.930372
2527,9.930372
2528,9.930372
2529,9.930372
2530,9.930372
2531,9.930372
2532,9.930372
2533,9.930372
2534,9.928247333333333
2535,9.926122666666666
2536,9.923998000000001
2537,9.921873333333334
2538,9.919748666666667
2539,9.917624
2540,9.915499333333333
2541,9.913374666666666
2542,9.911249999999999
2543,9.909125333333334
2544,9.907000666666667
2545,9.904876
2546,9.902751333333333
2547,9.900626666666666
2548,9.898502
2549,9.896377333333334
2550,9.894252666666667
2551,9.892128
2552,9.890003333333333
2553,9.887878666666666
2554,9.885753999999999
2555,9.883629333333333
2556,9.881504666666666
2557,9.87938
2558,9.87938
2559,9.87938
2560,9.87938
2561,9.87938
2562,9.87938
2563,9.87938
2564,9.87938
2565,9.87938
2566,9.87938
2567,9.87938
2568,9.87938
2569,9.87938
2570,9.87938
2571,9.87938
2572,9.87938
2573,9.87938
2574,9.87741873076923
2575,9.875457461538462
2576,9.873496192307691
2577,9.871534923076922
2578,9.869573653846153
2579,9.867612384615384
2580,9.865651115384615
2581,9.863689846153845
2582,9.861728576923076
2583,9.859767307692307
2584,9.857806038461538
2585,9.85584476923077
2586,9.853883499999998
2587,9.85192223076923
2588,9.84996096153846
2589,9.847999692307692
2590,9.846038423076923
2591,9.844077153846154
2592,9.842115884615383
2593,9.840154615384614
2594,9.838193346153846
2595,9.836232076923077
2596,9.834270807692308
2597,9.832309538461537
2598,9.830348269230768
2599,9.828387
2600,9.828387
2601,9.828387
2602,9.828387
2603,9.828387
2604,9.828387
2605,9.828387
2606,9.828387
2607,9.828387
2608,9.828387
2609,9.828387
2610,9.828387
2611,9.828387
2612,9.828387
2613,9.828387
2614,9.828387
2615,9.824137666666665
2616,9.819888333333333
2617,9.815639
2618,9.811389666666667
2619,9.807140333333333
2620,9.802890999999999
2621,9.798641666666667
2622,9.794392333333333
2623,9.790143
2624,9.785893666666666
2625,9.781644333333334
2626,9.777395
2627,9.777395
2628,9.777395
2629,9.777395
2630,9.777395
2631,9.777395
2632,9.777395
2633,9.777395
2634,9.777395
2635,9.777395
2636,9.777395
2637,9.777395
2638,9.777395
2639,9.777395
2640,9.777395
2641,9.777395
2642,9.7748454
2643,9.7722958
2644,9.7697462
2645,9.7671966
2646,9.764647
2647,9.7620974
2648,9.7595478
2649,9.7569982
2650,9.7544486
2651,9.751899
2652,9.7493494
2653,9.7467998
2654,9.7442502
2655,9.7417006
2656,9.739151
2657,9.7366014
2658,9.7340518
2659,9.7315022
2660,9.7289526
2661,9.726403
2662,9.726403
2663,9.726403
2664,9.726403
2665,9.726403
2666,9.726403
2667,9.726403
2668,9.726403
2669,9.726403
2670,9.726403
2671,9.726403
2672,9.726403
2673,9.726403
2674,9.726403
2675,9.726403
2676,9.726403
2677,9.726403
2678,9.726403
2679,9.726403
2680,9.726403
2681,9.726403
2682,9.726403
2683,9.726403
2684,9.726403
2685,9.726403
2686,9.726403
2687,9.726403
2688,9.726403
2689,9.726403
2690,9.726403
2691,9.726403
2692,9.726403
2693,9.726403
2694,9.726403
2695,9.700907
2696,9.675411
2697,9.675411
2698,9.675411
2699,9.675411
2700,9.675411
2701,9.675411
2702,9.675411
2703,9.675411
2704,9.675411
2705,9.675411
2706,9.675411
2707,9.675411
2708,9.675411
2709,9.675411
2710,9.675411
2711,9.675411
2712,9.675411
2713,9.675411
2714,9.675411
2715,9.675411
2716,9.675411
2717,9.675411
2718,9.675411
2719,9.675411
2720,9.675411
2721,9.675411
2722,9.675411
2723,9.675411
2724,9.675411
2725,9.675411
2726,9.675411
2727,9.675411
2728,9.675411
2729,9.675411
2730,9.675411
2731,9.649914500000001
2732,9.624418
2733,9.624418
2734,9.624418
2735,9.624418
2736,9.624418
2737,9.624418
2738,9.624418
2739,9.624418
2740,9.624418
2741,9.624418
2742,9.624418
2743,9.624418
2744,9.624418
2745,9.624418
2746,9.624418
2747,9.624418
2748,9.624418
2749,9.624418
2750,9.624418
2751,9.624418
2752,9.624418
2753,9.621231
2754,9.618044000000001
2755,9.614857
2756,9.61167
2757,9.608483
2758,9.605296
2759,9.602109
2760,9.598922
2761,9.595735
2762,9.592548
2763,9.589361
2764,9.586174
2765,9.582987
2766,9.579799999999999
2767,9.576613
2768,9.573426
2769,9.573426
2770,9.573426
2771,9.573426
2772,9.573426
2773,9.573426
2774,9.573426
2775,9.573426
2776,9.573426
2777,9.573426
2778,9.573426
2779,9.573426
2780,9.573426
2781,9.573426
2782,9.573426
2783,9.573426
2784,9.573426
2785,9.573426
2786,9.573426
2787,9.573426
2788,9.573426
2789,9.573426
2790,9.573426
2791,9.573426
2792,9.573426
2793,9.573426
2794,9.573426
2795,9.573426
2796,9.573426
2797,9.573426
2798,9.573426
2799,9.573426
2800,9.573426
2801,9.568790363636364
2802,9.564154727272728
2803,9.55951909090909
2804,9.554883454545454
2805,9.550247818181818
2806,9.545612181818182
2807,9.540976545454546
2808,9.53634090909091
2809,9.531705272727272
2810,9.527069636363636
2811,9.522434
2812,9.522434
2813,9.522434
2814,9.522434
2815,9.522434
2816,9.522434
2817,9.522434
2818,9.522434
2819,9.522434
2820,9.522434
2821,9.522434
2822,9.522434
2823,9.522434
2824,9.522434
2825,9.522434
2826,9.519601111111111
2827,9.516768222222222
2828,9.513935333333334
2829,9.511102444444445
2830,9.508269555555556
2831,9.505436666666666
2832,9.502603777777779
2833,9.49977088888889
2834,9.496938
2835,9.49410511111111
2836,9.491272222222221
2837,9.488439333333334
2838,9.485606444444445
2839,9.482773555555555
2840,9.479940666666666
2841,9.477107777777778
2842,9.474274888888889
2843,9.471442
2844,9.471442
2845,9.471442
2846,9.471442
2847,9.471442
2848,9.471442
2849,9.471442
2850,9.471442
2851,9.471442
2852,9.471442
2853,9.471442
2854,9.471442
2855,9.471442
2856,9.471442
2857,9.471442
2858,9.471442
2859,9.471442
2860,9.471442
2861,9.471442
2862,9.471442
2863,9.471442
2864,9.471442
2865,9.471442
2866,9.471442
2867,9.471442
2868,9.471442
2869,9.471442
2870,9.471442
2871,9.4663428
2872,9.4612436
2873,9.4561444
2874,9.4510452
2875,9.445946
2876,9.440846800000001
2877,9.435747600000001
2878,9.4306484
2879,9.4255492
2880,9.42045
2881,9.42045
2882,9.42045
2883,9.42045
2884,9.42045
2885,9.42045
2886,9.42045
2887,9.42045
2888,9.42045
2889,9.42045
2890,9.42045
2891,9.42045
2892,9.42045
2893,9.42045
2894,9.42045
2895,9.42045
2896,9.42045
2897,9.42045
2898,9.42045
2899,9.42045
2900,9.42045
2901,9.42045
2902,9.42045
2903,9.42045
2904,9.42045
2905,9.42045
2906,9.42045
2907,9.416807642857144
2908,9.413165285714287
2909,9.409522928571429
2910,9.405880571428572
2911,9.402238214285715
2912,9.398595857142858
2913,9.3949535
2914,9.391311142857143
2915,9.387668785714286
2916,9.38402642857143
2917,9.380384071428573
2918,9.376741714285714
2919,9.373099357142857
2920,9.369457
2921,9.369457
2922,9.369457
2923,9.369457
2924,9.369457
2925,9.369457
2926,9.369457
2927,9.369457
2928,9.369457
2929,9.369457
2930,9.369457
2931,9.369457
2932,9.369457
2933,9.369457
2934,9.369457
2935,9.369457
2936,9.369457
2937,9.369457
2938,9.369457
2939,9.369457
2940,9.369457
2941,9.369457
2942,9.369457
2943,9.369457
2944,9.369457
2945,9.369457
2946,9.369457
2947,9.362172428571428
2948,9.354887857142858
2949,9.347603285714285
2950,9.340318714285715
2951,9.333034142857143
2952,9.325749571428572
2953,9.318465
2954,9.318465
2955,9.318465
2956,9.318465
2957,9.318465
2958,9.318465
2959,9.318465
2960,9.318465
2961,9.318465
2962,9.318465
2963,9.318465
2964,9.318465
2965,9.318465
2966,9.318465
2967,9.318465
2968,9.318465
2969,9.318465
2970,9.318465
2971,9.318465
2972,9.318465
2973,9.318465
2974,9.318465
2975,9.318465
2976,9.318465
2977,9.318465
2978,9.318465
2979,9.318465
2980,9.318465
2981,9.318465
2982,9.318465
2983,9.318465
2984,9.318465
2985,9.318465
2986,9.318465
2987,9.318465
2988,9.318465
2989,9.318465
2990,9.318465
2991,9.318465
2992,9.318465
2993,9.318465
2994,9.318465
2995,9.318465
2996,9.318465
2997,9.318465
2998,9.318465
2999,9.318465
3000,9.318465
3001,9.318465
3002,9.318465
3003,9.318465
3004,9.318465
3005,9.318465
3006,9.318465
3007,9.318465
3008,9.318465
3009,9.318465
3010,9.318465
3011,9.318465
3012,9.318465
3013,9.318465
3014,9.318465
3015,9.318465
3016,9.318465
3017,9.318465
3018,9.318465
3019,9.318465
3020,9.318465
3021,9.318465
3022,9.318465
3023,9.318465
3024,9.318465
3025,9.318465
3026,9.318465
3027,9.318465
3028,9.318465
3029,9.318465
3030,9.318465
3031,9.318465
3032,9.318465
3033,9.318465
3034,9.318465
3035,9.318465
3036,9.318465
3037,9.318465
3038,9.318465
3039,9.318465
3040,9.318465
