t,y
0.0,0.0
0.003143164235707647,0.003143159060238096
0.006286328471415294,0.006286287067720245
0.009429492707122941,0.009429352969997286
0.012572656942830588,0.01257232571523362
0.015715821178538234,0.015715174252513998
0.018858985414245882,0.018857867532150272
0.022002149649953527,0.022000374505988164
0.025145313885661175,0.025142664127713998
0.028288478121368824,0.028284705353161424
0.03143164235707647,0.0314264671406181
0.03457480659278411,0.03456791845113242
0.037717970828491765,0.03770902824882009
0.04086113506419941,0.040849765501170796
0.044004299299907054,0.04399009917935478
0.047147463535614706,0.04712999825852939
0.05029062777132235,0.05026943171814557
0.053433792007029995,0.05340836854225433
0.05657695624273765,0.056546777719813215
0.05972012047844529,0.059684628244992606
0.06286328471415294,0.06282188911748207
0.06600644894986059,0.0659585293427967
0.06914961318556823,0.06909451793258313
0.07229277742127588,0.07222982390492594
0.07543594165698353,0.07536441628465354
0.07857910589269117,0.07849826410364426
0.08172227012839882,0.08163133640113233
0.08486543436410647,0.08476360222401372
0.08800859859981411,0.08789503062715187
0.09115176283552176,0.09102559067368361
0.09429492707122941,0.09415525143532459
0.09743809130693705,0.09728398199267493
0.1005812555426447,0.10041175143552472
0.10372441977835235,0.1035385288631593
0.10686758401405999,0.10666428338466463
0.11001074824976764,0.10978898411923245
0.1131539124854753,0.11291260019646535
0.11629707672118293,0.11603510075668172
0.11944024095689058,0.11915645495122076
0.12258340519259824,0.12227663194274711
0.12572656942830587,0.12539560090555552
0.12886973366401352,0.1285133310258755
0.13201289789972118,0.1316297915021756
0.13515606213542883,0.13474495154546787
0.13829922637113645,0.13785878037961183
0.1414423906068441,0.1409712472416188
0.14458555484255176,0.14408232138195554
0.1477287190782594,0.14719197206484821
0.15087188331396706,0.150300168568586
0.1540150475496747,0.15340688018582457
0.15715821178538233,0.15651207622388952
0.16030137602109,0.15961572600507962
0.16344454025679764,0.16271779886696974
0.1665877044925053,0.16581826416271395
0.16973086872821294,0.1689170912613482
0.1728740329639206,0.17201424954809297
0.17601719719962822,0.17510970842465573
0.17916036143533587,0.17820343730953322
0.18230352567104352,0.1812954056383136
0.18544668990675117,0.18438558286397838
0.18858985414245882,0.18747393845720423
0.19173301837816648,0.1905604419066646
0.1948761826138741,0.1936450627193311
0.19801934684958175,0.19672777042077488
0.2011625110852894,0.19980853455546754
0.20430567532099705,0.20288732468708218
0.2074488395567047,0.20596411039879395
0.21059200379241233,0.20903886129358054
0.21373516802811998,0.21211154699452278
0.21687833226382763,0.2151821371451043
0.22002149649953529,0.21825060140951183
0.22316466073524294,0.2213169094729346
0.2263078249709506,0.22438103104186405
0.2294509892066582,0.22744293584439296
0.23259415344236586,0.23050259363051478
0.23573731767807352,0.23355997417242208
0.23888048191378117,0.2366150472648055
0.24202364614948882,0.23966778272515207
0.24516681038519647,0.2427181503940434
0.2483099746209041,0.24576612013545354
0.25145313885661175,0.24881166183704698
0.2545963030923194,0.2518547454104758
0.25773946732802705,0.25489534079167714
0.2608826315637347,0.25793341794117025
0.26402579579944235,0.260968946844353
0.26716896003515,0.2640018975117988
0.27031212427085766,0.26703223997955255
0.2734552885065653,0.27005994430942676
0.2765984527422729,0.2730849805892974
0.27974161697798056,0.2761073189333995
0.2828847812136882,0.27912692948262213
0.28602794544939586,0.2821437824048034
0.2891711096851035,0.28515784789502563
0.29231427392081116,0.2881690961759093
0.2954574381565188,0.29117749749790744
0.29860060239222647,0.2941830221395997
0.3017437666279341,0.2971856404079855
0.30488693086364177,0.30018532263877806
0.3080300950993494,0.3031820391966969
0.311173259335057,0.3061757604757607
0.31431642357076467,0.30916645689958033
0.3174595878064723,0.31215409892165025
0.32060275204218,0.315138657025641
0.3237459162778876,0.31812010172569044
0.3268890805135953,0.32109840356669545
0.3300322447493029,0.32407353312460246
0.3331754089850106,0.32704546100669857
0.33631857322071823,0.33001415785190163
0.3394617374564259,0.3329795943310505
0.34260490169213353,0.33594174114719483
0.3457480659278412,0.3389005690358841
0.3488912301635488,0.3418560487654574
0.35203439439925643,0.34480815113733165
0.3551775586349641,0.34775684698629045
0.35832072287067174,0.3507021071807718
0.3614638871063794,0.3536439026231564
0.36460705134208704,0.3565822042500548
0.3677502155777947,0.35951698303259455
0.37089337981350234,0.3624482099767071
0.37403654404921,0.36537585612341417
0.37717970828491765,0.36829989254911394
0.3803228725206253,0.37122029036586657
0.38346603675633295,0.3741370207216799
0.38660920099204055,0.3770500548007944
0.3897523652277482,0.3799593638239676
0.39289552946345585,0.3828649190487589
0.3960386936991635,0.385766691769813
0.39918185793487115,0.3886646533191438
0.4023250221705788,0.3915587750664177
0.40546818640628646,0.3944490284192361
0.4086113506419941,0.39733538482341846
0.41175451487770176,0.4002178157632836
0.4148976791134094,0.40309629276193215
0.41804084334911706,0.4059707873815275
0.42118400758482466,0.40884127122357683
0.4243271718205323,0.41170771592921185
0.42747033605623996,0.4145700931794686
0.4306135002919476,0.41742837469556754
0.43375666452765527,0.42028253223919276
0.4368998287633629,0.42313253761277114
0.44004299299907057,0.4259783626597507
0.4431861572347782,0.42881997926487897
0.4463293214704859,0.43165735935448063
0.4494724857061935,0.4344904748967348
0.4526156499419012,0.43731929790195234
0.45575881417760883,0.4401438004228519
0.4589019784133164,0.44296395455483617
0.4620451426490241,0.44577973243626795
0.46518830688473173,0.4485911062487449
0.4683314711204394,0.4513980482173744
0.47147463535614703,0.45420053061104837
0.4746177995918547,0.4569985257427169
0.47776096382756233,0.45979200596966185
0.48090412806327,0.4625809436937699
0.48404729229897764,0.4653653113618054
0.4871904565346853,0.46814508146568234
0.49033362077039294,0.4709202265427363
0.4934767850061006,0.4736907191759956
0.4966199492418082,0.47645653199445226
0.49976311347751584,0.47921763767333253
0.5029062777132235,0.4819740089343666
0.5060494419489312,0.4847256185460583
0.5091926061846388,0.48747243932395384
0.5123357704203464,0.4902144441309109
0.5154789346560541,0.4929516058773663
0.5186220988917617,0.49568389752160347
0.5217652631274694,0.4984112920700204
0.524908427363177,0.5011337625773953
0.5280515915988847,0.5038512821471537
0.5311947558345923,0.5065638239316335
0.5343379200703,0.5092713611323508
0.5374810843060076,0.5119738670002639
0.5406242485417153,0.5146713148360386
0.5437674127774229,0.5173636779903108
0.5469105770131306,0.5200509298639509
0.5500537412488382,0.5227330439083256
0.5531969054845458,0.525409993625561
0.5563400697202535,0.528081752568804
0.5594832339559611,0.5307482943424833
0.5626263981916688,0.5334095926025708
0.5657695624273764,0.5360656210568414
0.5689127266630841,0.5387163534651331
0.5720558908987917,0.5413617636396058
0.5751990551344994,0.5440018254450003
0.578342219370207,0.5466365127988966
0.5814853836059147,0.5492657996719715
0.5846285478416223,0.5518896600882554
0.5877717120773299,0.5545080681253896
0.5909148763130376,0.5571209979148817
0.5940580405487452,0.5597284236423617
0.5972012047844529,0.5623303195478371
0.6003443690201605,0.5649266599259464
0.6034875332558682,0.5675174191262146
0.6066306974915758,0.5701025715533049
0.6097738617272835,0.5726820916672735
0.6129170259629911,0.57525595398382
0.6160601901986988,0.5778241330745407
0.6192033544344064,0.5803866035671786
0.622346518670114,0.5829433401458751
0.6254896829058217,0.5854943175514196
0.6286328471415293,0.5880395105814988
0.631776011377237,0.5905788940909463
0.6349191756129446,0.5931124429919904
0.6380623398486523,0.5956401322545027
0.64120550408436,0.5981619369062444
0.6443486683200677,0.600677832033114
0.6474918325557752,0.6031877927793927
0.650634996791483,0.6056917943479906
0.6537781610271906,0.6081898120006908
0.6569213252628983,0.6106818210583949
0.6600644894986059,0.6131677969013658
0.6632076537343135,0.6156477149694718
0.6663508179700212,0.6181215507624285
0.6694939822057288,0.6205892798400412
0.6726371464414365,0.6230508778224466
0.6757803106771441,0.6255063203903531
0.6789234749128518,0.6279555832852816
0.6820666391485594,0.6303986423098045
0.6852098033842671,0.6328354733277857
0.6883529676199747,0.6352660522646181
0.6914961318556824,0.6376903551074622
0.69463929609139,0.6401083579054827
0.6977824603270976,0.6425200367700856
0.7009256245628053,0.6449253678751542
0.7040687887985129,0.6473243274572839
0.7072119530342206,0.6497168918160177
0.7103551172699282,0.6521030373140798
0.7134982815056359,0.6544827403776098
0.7166414457413435,0.6568559774963945
0.7197846099770512,0.6592227252241015
0.7229277742127588,0.6615829601785098
0.7260709384484665,0.6639366590417412
0.7292141026841741,0.6662837985604906
0.7323572669198817,0.6686243555462559
0.7355004311555894,0.6709583068755671
0.738643595391297,0.6732856294902141
0.7417867596270047,0.6756063003974755
0.7449299238627123,0.6779202966703449
0.74807308809842,0.6802275954477582
0.7512162523341276,0.6825281739348187
0.7543594165698353,0.6848220094030226
0.7575025808055429,0.6871090791904838
0.7606457450412506,0.6893893607021574
0.7637889092769582,0.6916628314100631
0.7669320735126659,0.693929468853508
0.7700752377483735,0.6961892506393077
0.7732184019840811,0.6984421544420086
0.7763615662197888,0.700688158004108
0.7795047304554964,0.7029272391362733
0.7826478946912041,0.7051593757175627
0.7857910589269117,0.7073845456956421
0.7889342231626194,0.7096027270870046
0.792077387398327,0.7118138979771859
0.7952205516340347,0.7140180365209827
0.7983637158697423,0.7162151209426669
0.80150688010545,0.718405129536202
0.8046500443411576,0.7205880406654561
0.8077932085768652,0.7227638327644174
0.8109363728125729,0.724932484337406
0.8140795370482805,0.7270939739592863
0.8172227012839882,0.7292482802756799
0.8203658655196958,0.7313953820031746
0.8235090297554035,0.7335352579295364
0.8266521939911111,0.7356678869139185
0.8297953582268188,0.7377932478870696
0.8329385224625264,0.7399113198515427
0.8360816866982341,0.7420220818819027
0.8392248509339417,0.7441255131249321
0.8423680151696493,0.7462215927998386
0.845511179405357,0.7483103001984588
0.8486543436410646,0.7503916146854638
0.8517975078767723,0.7524655156985628
0.8549406721124799,0.754531982748706
0.8580838363481876,0.7565909954202877
0.8612270005838952,0.7586425333713469
0.8643701648196029,0.7606865763337695
0.8675133290553105,0.7627231041134874
0.8706564932910182,0.7647520965906791
0.8737996575267258,0.7667735337199675
0.8769428217624335,0.7687873955306185
0.8800859859981411,0.770793662126738
0.8832291502338487,0.7727923136874691
0.8863723144695564,0.774783330467187
0.889515478705264,0.7767666927956944
0.8926586429409717,0.7787423810784165
0.8958018071766793,0.7807103757965934
0.898944971412387,0.7826706575074741
0.9020881356480946,0.7846232068445077
0.9052312998838024,0.7865680045175353
0.90837446411951,0.7885050313129801
0.9115176283552177,0.7904342680940378
0.9146607925909253,0.792355695800865
0.9178039568266328,0.7942692954507682
0.9209471210623406,0.7961750481383907
0.9240902852980482,0.7980729350358996
0.9272334495337559,0.7999629373931723
0.9303766137694635,0.8018450365379808
0.9335197780051712,0.8037192138761771
0.9366629422408788,0.8055854508918759
0.9398061064765865,0.8074437291476388
0.9429492707122941,0.8092940302846554
0.9460924349480018,0.8111363360229249
0.9492355991837094,0.8129706281614371
0.952378763419417,0.8147968885783518
0.9555219276551247,0.816615099231178
0.9586650918908323,0.8184252421569521
0.96180825612654,0.8202272994724157
0.9649514203622476,0.8220212533741913
0.9680945845979553,0.8238070861389595
0.9712377488336629,0.8255847801236332
0.9743809130693706,0.8273543177655321
0.9775240773050782,0.8291156815825564
0.9806672415407859,0.8308688541733595
0.9838104057764935,0.8326138182175193
0.9869535700122012,0.8343505564757104
0.9900967342479088,0.8360790517898736
0.9932398984836164,0.8377992870833855
0.9963830627193241,0.8395112453612275
0.9995262269550317,0.8412149097101534
1.0026693911907394,0.8429102632988572
1.005812555426447,0.8445972893781382
1.0089557196621546,0.8462759712810671
1.0120988838978624,0.8479462924231513
1.01524204813357,0.8496082363024975
1.0183852123692776,0.8512617864999755
1.0215283766049852,0.8529069266793804
1.0246715408406928,0.8545436405875937
1.0278147050764006,0.8561719120547442
1.0309578693121082,0.8577917249943673
1.0341010335478158,0.8594030634035643
1.0372441977835234,0.8610059113631607
1.0403873620192312,0.8626002530378628
1.0435305262549388,0.8641860726764146
1.0466736904906464,0.8657633546117531
1.049816854726354,0.8673320832611641
1.0529600189620618,0.8688922431264344
1.0561031831977694,0.8704438187940066
1.059246347433477,0.87198679493513
1.0623895116691846,0.8735211563060132
1.0655326759048922,0.8750468877479742
1.0686758401406,0.8765639741875899
1.0718190043763076,0.8780724006368452
1.0749621686120152,0.8795721521932814
1.0781053328477228,0.8810632140401432
1.0812484970834306,0.8825455714465249
1.0843916613191382,0.8840192097675159
1.0875348255548458,0.8854841144443459
1.0906779897905534,0.8869402710045283
1.0938211540262612,0.8883876650620035
1.0969643182619688,0.8898262823172801
1.1001074824976764,0.8912561085575778
1.103250646733384,0.8926771296569662
1.1063938109690916,0.8940893315765054
1.1095369752047994,0.8954927003643844
1.112680139440507,0.8968872221560586
1.1158233036762146,0.8982728831743872
1.1189664679119222,0.8996496697297693
1.12210963214763,0.9010175682202791
1.1252527963833376,0.9023765651317996
1.1283959606190452,0.9037266470381573
1.1315391248547528,0.9050678006012541
1.1346822890904604,0.9064000125711993
1.1378254533261682,0.9077232697864404
1.1409686175618758,0.9090375591738927
1.1441117817975834,0.9103428677490696
1.147254946033291,0.9116391826162099
1.1503981102689989,0.9129264909684057
1.1535412745047064,0.9142047800877281
1.156684438740414,0.9154740373453543
1.1598276029761216,0.9167342502016907
1.1629707672118295,0.9179854062064986
1.166113931447537,0.9192274929990153
1.1692570956832447,0.9204604983080776
1.1724002599189522,0.9216844099522427
1.1755434241546598,0.9228992158399079
1.1786865883903677,0.9241049039694311
1.1818297526260753,0.9253014624292485
1.1849729168617829,0.9264888793979928
1.1881160810974905,0.9276671431446101
1.1912592453331983,0.9288362420284748
1.1944024095689059,0.9299961644995058
1.1975455738046135,0.9311468990982801
1.200688738040321,0.9322884344561461
1.2038319022760289,0.9334207592953355
1.2069750665117365,0.9345438624290754
1.210118230747444,0.9356577327616985
1.2132613949831517,0.9367623592887524
1.2164045592188593,0.9378577310971091
1.219547723454567,0.938943837365072
1.2226908876902747,0.9400206673624831
1.2258340519259823,0.9410882104508294
1.2289772161616899,0.9421464560833474
1.2321203803973977,0.9431953938051277
1.2352635446331053,0.944235013253218
1.2384067088688129,0.9452653041567258
1.2415498731045205,0.9462862563369197
1.244693037340228,0.9472978597073298
1.2478362015759359,0.9483001042738479
1.2509793658116435,0.9492929801348252
1.254122530047351,0.9502764774811715
1.2572656942830587,0.9512505865964508
1.2604088585187665,0.9522152978569783
1.263552022754474,0.9531706017319148
1.2666951869901817,0.9541164887833612
1.2698383512258893,0.9550529496664516
1.272981515461597,0.9559799751294459
1.2761246796973047,0.9568975560138205
1.2792678439330123,0.9578056832543599
1.28241100816872,0.9587043478792451
1.2855541724044275,0.959593541010143
1.2886973366401353,0.960473253862294
1.291840500875843,0.9613434777445982
1.2949836651115505,0.9622042040597021
1.298126829347258,0.9630554243040831
1.301269993582966,0.9638971300681336
1.3044131578186735,0.9647293130362439
1.307556322054381,0.9655519649868846
1.3106994862900887,0.9663650777926878
1.3138426505257965,0.9671686434205272
1.3169858147615041,0.9679626539315976
1.3201289789972117,0.9687471014814936
1.3232721432329193,0.9695219783202864
1.326415307468627,0.970287276792601
1.3295584717043347,0.9710429893376917
1.3327016359400423,0.9717891084895165
1.33584480017575,0.9725256268768111
1.3389879644114575,0.973252537223162
1.3421311286471653,0.9739698323470777
1.345274292882873,0.9746775051620601
1.3484174571185805,0.9753755486766748
1.3515606213542881,0.9760639559946193
1.3547037855899957,0.976742720314792
1.3578469498257035,0.9774118349313591
1.3609901140614111,0.9780712932338202
1.3641332782971187,0.9787210887070751
1.3672764425328263,0.9793612149314864
1.3704196067685341,0.9799916655829445
1.3735627710042417,0.9806124344329288
1.3767059352399493,0.9812235153485701
1.379849099475657,0.9818249022927109
1.3829922637113647,0.9824165893239648
1.3861354279470723,0.9829985705967758
1.38927859218278,0.9835708403614751
1.3924217564184875,0.9841333929643393
1.3955649206541951,0.9846862228476447
1.398708084889903,0.9852293245497233
1.4018512491256105,0.9857626927050165
1.4049944133613181,0.9862863220441276
1.4081375775970257,0.9868002073938746
1.4112807418327336,0.9873043436773412
1.4144239060684412,0.9877987259139261
1.4175670703041487,0.9882833492193934
1.4207102345398563,0.98875820880592
1.4238533987755642,0.9892232999821434
1.4269965630112718,0.9896786181532077
1.4301397272469794,0.9901241588208092
1.433282891482687,0.9905599175832408
1.4364260557183945,0.9909858901354354
1.4395692199541024,0.9914020722690086
1.44271238418981,0.9918084598723
1.4458555484255176,0.9922050489304145
1.4489987126612252,0.9925918355252606
1.452141876896933,0.9929688158355909
1.4552850411326406,0.9933359861370382
1.4584282053683482,0.9936933428021535
1.4615713696040558,0.9940408823004411
1.4647145338397634,0.9943786011983938
1.4678576980754712,0.9947064961595269
1.4710008623111788,0.9950245639444106
1.4741440265468864,0.995332801410703
1.477287190782594,0.9956312055131803
1.4804303550183018,0.9959197733037669
1.4835735192540094,0.9961985019315652
1.486716683489717,0.9964673886428831
1.4898598477254246,0.9967264307812617
1.4930030119611324,0.9969756257875008
1.49614617619684,0.9972149711996852
1.4992893404325476,0.9974444646532082
1.5024325046682552,0.9976641038807956
1.5055756689039628,0.9978738867125272
1.5087188331396706,0.9980738110758594
1.5118619973753782,0.9982638749956445
1.5150051616110858,0.9984440765941512
1.5181483258467934,0.9986144140910828
1.5212914900825012,0.9987748858035943
1.5244346543182088,0.9989254901463098
1.5275778185539164,0.9990662256313378
1.530720982789624,0.9991970908682858
1.5338641470253318,0.9993180845642742
1.5370073112610394,0.9994292055239488
1.540150475496747,0.9995304526494934
1.5432936397324546,0.9996218249406393
1.5464368039681622,0.9997033214946769
1.54957996820387,0.9997749415064627
1.5527231324395776,0.9998366842684291
1.5558662966752852,0.9998885491705899
1.5590094609109928,0.9999305357005471
1.5621526251467006,0.9999626434434962
1.5652957893824082,0.9999848720822294
1.5684389536181158,0.9999972213971394
1.5715821178538234,0.9999996912662218
1.574725282089531,0.9999922816650751
1.5778684463252388,0.9999749926669027
1.5810116105609464,0.9999478244425106
1.584154774796654,0.9999107772603066
1.5872979390323616,0.9998638514862973
1.5904411032680694,0.9998070475840847
1.593584267503777,0.9997403661148613
1.5967274317394846,0.9996638077374049
1.5998705959751922,0.9995773732080722
1.6030137602109,0.9994810633807905
1.6061569244466076,0.9993748792070504
1.6093000886823152,0.9992588217358954
1.6124432529180228,0.9991328921139124
1.6155864171537304,0.9989970915852197
1.6187295813894382,0.9988514214914548
1.6218727456251458,0.9986958832717616
1.6250159098608534,0.998530478462776
1.628159074096561,0.99835520869861
1.6313022383322688,0.9981700757108368
1.6344454025679764,0.9979750813284729
1.637588566803684,0.9977702274779598
1.6407317310393916,0.997555516183146
1.6438748952750994,0.9973309495652656
1.647018059510807,0.9970965298429187
1.6501612237465146,0.9968522593320488
1.6533043879822222,0.9965981404459197
1.6564475522179298,0.9963341756950921
1.6595907164536376,0.9960603676873989
1.6627338806893452,0.995776719127919
1.6658770449250528,0.9954832328189506
1.6690202091607604,0.9951799116599839
1.6721633733964683,0.9948667586476722
1.6753065376321759,0.9945437768758023
1.6784497018678834,0.994210969535264
1.681592866103591,0.9938683399140186
1.6847360303392986,0.9935158913970662
1.6878791945750065,0.9931536274664124
1.691022358810714,0.9927815517010343
1.6941655230464217,0.9923996677768443
1.6973086872821292,0.9920079794666544
1.700451851517837,0.991606490640139
1.7035950157535447,0.9911952052637959
1.7067381799892523,0.9907741274009082
1.7098813442249599,0.9903432612115034
1.7130245084606677,0.9899026109523125
1.7161676726963753,0.9894521809767279
1.7193108369320829,0.9889919757347606
1.7224540011677905,0.9885219997729958
1.725597165403498,0.9880422577345487
1.7287403296392059,0.9875527543590178
1.7318834938749135,0.9870534944824386
1.735026658110621,0.9865444830372357
1.7381698223463287,0.9860257250521743
1.7413129865820365,0.9854972256523098
1.744456150817744,0.984958990058938
1.7475993150534517,0.984411023589543
1.7507424792891593,0.983853331657745
1.753885643524867,0.9832859197732465
1.7570288077605747,0.982708793541778
1.7601719719962823,0.9821219586650427
1.7633151362319899,0.9815254209406601
1.7664583004676975,0.9809191862621087
1.7696014647034053,0.9803032606186678
1.7727446289391129,0.9796776500953583
1.7758877931748205,0.9790423608728828
1.779030957410528,0.978397399227564
1.782174121646236,0.9777427715312833
1.7853172858819435,0.9770784842514176
1.788460450117651,0.9764045439507755
1.7916036143533587,0.9757209572875317
1.7947467785890663,0.9750277310151628
1.797889942824774,0.974324871982379
1.8010331070604817,0.9736123871330575
1.8041762712961893,0.9728902835061733
1.807319435531897,0.9721585682357299
1.8104625997676047,0.9714172485506886
1.8136057640033123,0.9706663317748975
1.81674892823902,0.9699058253270189
1.8198920924747275,0.9691357367204558
1.8230352567104353,0.9683560735632782
1.826178420946143,0.9675668435581473
1.8293215851818505,0.9667680545022398
1.832464749417558,0.965959714287171
1.8356079136532657,0.9651418308989163
1.8387510778889735,0.9643144124177327
1.8418942421246811,0.9634774670180793
1.8450374063603887,0.9626310029685355
1.8481805705960963,0.9617750286317206
1.8513237348318041,0.9609095524642097
1.8544668990675117,0.9600345830164518
1.8576100633032193,0.9591501289326843
1.860753227538927,0.9582561989508472
1.8638963917746347,0.9573528019024984
1.8670395560103423,0.9564399467127246
1.87018272024605,0.9555176424000543
1.8733258844817575,0.9545858980763684
1.8764690487174651,0.9536447229468099
1.879612212953173,0.9526941263096935
1.8827553771888805,0.9517341175564132
1.8858985414245881,0.9507647061713498
1.8890417056602957,0.9497859017317772
1.8921848698960035,0.9487977139077678
1.8953280341317111,0.9478001524620966
1.8984711983674187,0.9467932272501455
1.9016143626031263,0.945776948219805
1.904757526838834,0.9447513254113767
1.9079006910745417,0.9437163689574737
1.9110438553102493,0.9426720890829208
1.914187019545957,0.9416184961046529
1.9173301837816645,0.9405556004316138
1.9204733480173724,0.9394834125646527
1.92361651225308,0.9384019430964213
1.9267596764887875,0.9373112027112682
1.9299028407244951,0.9362112021851339
1.933046004960203,0.9351019523854439
1.9361891691959106,0.9339834642710024
1.9393323334316181,0.9328557488918827
1.9424754976673257,0.9317188173893186
1.9456186619030333,0.9305726809955946
1.9487618261387412,0.9294173510339345
1.9519049903744488,0.92825283891839
1.9550481546101564,0.9270791561537273
1.958191318845864,0.9258963143353139
1.9613344830815718,0.9247043251490038
1.9644776473172794,0.9235032003710226
1.967620811552987,0.9222929518678503
1.9707639757886946,0.9210735915961046
1.9739071400244024,0.9198451316024228
1.97705030426011,0.9186075840233425
1.9801934684958176,0.9173609610851821
1.9833366327315252,0.9161052751039194
1.9864797969672328,0.9148405384850706
1.9896229612029406,0.9135667637235674
1.9927661254386482,0.9122839634036334
1.9959092896743558,0.9109921501986602
1.9990524539100634,0.9096913368710817
2.002195618145771,0.9083815362722486
2.005338782381479,0.9070627613423007
2.0084819466171866,0.9057350251100397
2.011625110852894,0.9043983406928006
2.014768275088602,0.9030527212963207
2.017911439324309,0.9016981802146117
2.021054603560017,0.9003347308298253
2.024197767795725,0.8989623866121235
2.027340932031432,0.8975811611195446
2.03048409626714,0.8961910679978685
2.0336272605028474,0.8947921209804836
2.036770424738555,0.893384333888249
2.039913588974263,0.8919677206293598
2.0430567532099704,0.8905422951992092
2.046199917445678,0.8891080716802493
2.0493430816813856,0.8876650642418533
2.0524862459170934,0.8862132871401742
2.055629410152801,0.8847527547180054
2.0587725743885086,0.8832834814046381
2.0619157386242164,0.8818054817157183
2.065058902859924,0.8803187702531046
2.0682020670956316,0.8788233617047235
2.0713452313313394,0.8773192708444233
2.074488395567047,0.8758065125318298
2.0776315598027546,0.8742851017121981
2.0807747240384624,0.8727550534162658
2.08391788827417,0.8712163827601044
2.0870610525098776,0.8696691049449691
2.090204216745585,0.8681132352571502
2.093347380981293,0.8665487890678203
2.0964905452170006,0.8649757818328839
2.099633709452708,0.8633942290928242
2.102776873688416,0.8618041464725485
2.1059200379241236,0.8602055496812363
2.109063202159831,0.8585984545121818
2.112206366395539,0.8569828768426383
2.115349530631246,0.8553588326336627
2.118492694866954,0.853726337929956
2.121635859102662,0.8520854088597062
2.124779023338369,0.8504360616344284
2.127922187574077,0.848778312548804
2.1310653518097844,0.8471121779805212
2.134208516045492,0.8454376743901116
2.1373516802812,0.8437548183207888
2.1404948445169074,0.8420636263982847
2.1436380087526152,0.8403641153306841
2.146781172988323,0.8386563019082616
2.1499243372240304,0.8369402030033143
2.1530675014597382,0.8352158355699951
2.1562106656954456,0.8334832166441466
2.1593538299311534,0.8317423633431305
2.1624969941668613,0.8299932928656607
2.1656401584025686,0.8282360224916326
2.1687833226382764,0.8264705695819514
2.171926486873984,0.8246969515783624
2.1750696511096916,0.8229151860032768
2.1782128153453995,0.8211252904596004
2.181355979581107,0.8193272826305583
2.1844991438168146,0.8175211802795205
2.1876423080525225,0.8157070012498272
2.19078547228823,0.8138847634646118
2.1939286365239377,0.8120544849266234
2.197071800759645,0.8102161837180503
2.200214964995353,0.8083698780003398
2.2033581292310607,0.80651558601402
2.206501293466768,0.8046533260785194
2.209644457702476,0.8027831165919848
2.2127876219381832,0.8009049760311012
2.215930786173891,0.7990189229509077
2.219073950409599,0.7971249759846155
2.2222171146453062,0.7952231538434233
2.225360278881014,0.7933134753163317
2.228503443116722,0.7913959592699589
2.2316466073524293,0.7894706246483536
2.234789771588137,0.7875374904728074
2.2379329358238444,0.7855965758416681
2.2410761000595523,0.7836478999301495
2.24421926429526,0.7816914819901434
2.2473624285309675,0.7797273413500289
2.2505055927666753,0.7777554974144804
2.2536487570023827,0.7757759696642779
2.2567919212380905,0.7737887776561123
2.2599350854737983,0.7717939410223943
2.2630782497095057,0.7697914794710594
2.2662214139452135,0.7677814127853725
2.269364578180921,0.7657637608237341
2.2725077424166287,0.7637385435194824
2.2756509066523365,0.7617057808806978
2.278794070888044,0.7596654929900051
2.2819372351237517,0.7576177000043729
2.2850803993594595,0.755562422154918
2.288223563595167,0.7534996797467031
2.2913667278308747,0.7514294931585361
2.294509892066582,0.7493518828427708
2.29765305630229,0.747266869325102
2.3007962205379977,0.7451744732043656
2.303939384773705,0.7430747151523333
2.307082549009413,0.7409676159135079
2.3102257132451203,0.738853196304921
2.313368877480828,0.7367314772159238
2.316512041716536,0.7346024796079836
2.3196552059522433,0.7324662245144758
2.322798370187951,0.7303227330404749
2.325941534423659,0.728172026362548
2.3290846986593663,0.7260141257285443
2.332227862895074,0.7238490524573851
2.3353710271307815,0.7216768279388545
2.3385141913664893,0.7194974736333859
2.341657355602197,0.7173110110718521
2.3448005198379045,0.7151174618553523
2.3479436840736123,0.7129168476549963
2.3510868483093197,0.7107091902116941
2.3542300125450275,0.7084945113359379
2.3573731767807353,0.7062728329075885
2.3605163410164427,0.7040441768756591
2.3636595052521505,0.7018085652580969
2.3668026694878583,0.6995660201415671
2.3699458337235657,0.6973165636812348
2.3730889979592735,0.6950602181005444
2.376232162194981,0.6927970056910022
2.3793753264306887,0.6905269488119543
2.3825184906663965,0.6882500698903672
2.385661654902104,0.6859663914206058
2.3888048191378117,0.6836759359642096
2.391947983373519,0.681378726149673
2.395091147609227,0.6790747846722183
2.3982343118449347,0.6767641342935738
2.401377476080642,0.6744467978417489
2.40452064031635,0.6721227982108063
2.4076638045520578,0.6697921583606385
2.410806968787765,0.6674549013167402
2.413950133023473,0.6651110501699791
2.4170932972591803,0.6627606280763705
2.420236461494888,0.6604036582568462
2.423379625730596,0.6580401639970268
2.4265227899663033,0.6556701686469911
2.429665954202011,0.6532936956210441
2.4328091184377185,0.6509107683974883
2.4359522826734263,0.6485214105183887
2.439095446909134,0.646125645589343
2.4422386111448415,0.6437234972792474
2.4453817753805493,0.6413149893200609
2.448524939616257,0.638900145506574
2.4516681038519645,0.636478989696172
2.4548112680876724,0.6340515458085985
2.4579544323233797,0.6316178378257209
2.4610975965590876,0.6291778897912916
2.4642407607947954,0.6267317258107125
2.4673839250305027,0.6242793700507955
2.4705270892662106,0.6218208467395231
2.473670253501918,0.6193561801658114
2.4768134177376258,0.6168853946792673
2.4799565819733336,0.6144085146899502
2.483099746209041,0.6119255646681303
2.4862429104447488,0.6094365691440451
2.489386074680456,0.6069415527076603
2.492529238916164,0.6044405400084232
2.4956724031518718,0.6019335557550224
2.498815567387579,0.5994206247151421
2.501958731623287,0.5969017717152167
2.505101895858995,0.5943770216401876
2.508245060094702,0.5918463994332559
2.51138822433041,0.5893099300956354
2.5145313885661174,0.5867676386863079
2.517674552801825,0.5842195503217725
2.520817717037533,0.5816656901758008
2.5239608812732404,0.5791060834791861
2.527104045508948,0.5765407555194936
2.5302472097446556,0.573969731640813
2.5333903739803634,0.5713930372435054
2.536533538216071,0.5688106977839547
2.5396767024517786,0.5662227387743147
2.5428198666874864,0.5636291857822567
2.545963030923194,0.5610300644307185
2.5491061951589016,0.5584254003976504
2.5522493593946094,0.5558152194157605
2.5553925236303168,0.5531995472722627
2.5585356878660246,0.5505784098086194
2.5616788521017324,0.5479518329202883
2.56482201633744,0.545319842556466
2.5679651805731476,0.5426824647198305
2.571108344808855,0.5400397254662862
2.574251509044563,0.5373916509047041
2.5773946732802706,0.5347382671966666
2.580537837515978,0.5320796005562075
2.583681001751686,0.529415677249552
2.5868241659873936,0.5267465235948596
2.589967330223101,0.524072165961963
2.593110494458809,0.5213926307721063
2.596253658694516,0.5187079444976863
2.599396822930224,0.5160181336619887
2.602539987165932,0.513323224838928
2.605683151401639,0.5106232446527845
2.608826315637347,0.5079182197779395
2.6119694798730544,0.5052081769386148
2.615112644108762,0.5024931429086051
2.61825580834447,0.4997731445110173
2.6213989725801774,0.49704820861800314
2.624542136815885,0.4943183621504932
2.627685301051593,0.4915836320779331
2.6308284652873004,0.4888440454180159
2.6339716295230082,0.48609962923641403
2.6371147937587156,0.48335041064651457
2.6402579579944234,0.4805964168091484
2.6434011222301312,0.4778376749323244
2.6465442864658386,0.4750742122709596
2.6496874507015464,0.47230605612660875
2.652830614937254,0.4695332338471973
2.6559737791729616,0.4667557728267481
2.6591169434086694,0.4639737005051135
2.662260107644377,0.46118704436770297
2.6654032718800846,0.4583958319452106
2.6685464361157925,0.45560009081334535
2.6716896003515,0.45279984859255745
2.6748327645872076,0.4499951329477642
2.677975928822915,0.4471859715880798
2.681119093058623,0.44437239226653796
2.6842622572943307,0.4415544227798208
2.687405421530038,0.438732090967983
2.690548585765746,0.4359054247141755
2.6936917500014532,0.4330744519443727
2.696834914237161,0.43023920062709375
2.699978078472869,0.42739969877312867
2.7031212427085762,0.4245559744352605
2.706264406944284,0.4217080557079871
2.7094075711799914,0.4188559707272462
2.7125507354156992,0.41599974767013437
2.715693899651407,0.41313941475463134
2.7188370638871144,0.41027500023932023
2.7219802281228223,0.4074065324231068
2.72512339235853,0.4045340396449426
2.7282665565942374,0.4016575502835437
2.7314097208299453,0.39877709275710915
2.7345528850656526,0.3958926955230428
2.7376960493013605,0.3930043870776693
2.7408392135370683,0.39011219595595514
2.7439823777727756,0.3872161507312257
2.7471255420084835,0.38431628001488144
2.750268706244191,0.38141261245611857
2.7534118704798987,0.37850517674164225
2.7565550347156065,0.37559400159538636
2.759698198951314,0.37267911577822843
2.7628413631870217,0.3697605480877041
2.7659845274227295,0.3668383273577253
2.769127691658437,0.3639124824582941
2.7722708558941447,0.3609830422952162
2.775414020129852,0.3580500358098182
2.77855718436556,0.35511349197865844
2.7817003486012677,0.35217343981324367
2.784843512836975,0.34922990835974116
2.787986677072683,0.3462829266986904
2.7911298413083903,0.3433325239447187
2.794273005544098,0.3403787292462505
2.797416169779806,0.33742157178522203
2.8005593340155133,0.33446108077679176
2.803702498251221,0.33149728546905066
2.806845662486929,0.3285302151427358
2.8099888267226363,0.32555989911093947
2.813131990958344,0.32258636671881874
2.8162751551940515,0.31960964734330827
2.8194183194297593,0.3166297703928268
2.822561483665467,0.3136467653069894
2.8257046479011745,0.31066066155631555
2.8288478121368823,0.30767148864193655
2.8319909763725897,0.3046792760953073
2.8351341406082975,0.3016840534779108
2.8382773048440053,0.29868585038096923
2.8414204690797127,0.2956846964251505
2.8445636333154205,0.29268062126027394
2.8477067975511283,0.2896736545650204
2.8508499617868357,0.2866638260466374
2.8539931260225435,0.28365116544064456
2.857136290258251,0.2806357025105426
2.8602794544939587,0.2776174670475161
2.8634226187296665,0.27459648887014215
2.866565782965374,0.2715727978240943
2.8697089472010817,0.26854642378184673
2.872852111436789,0.2655173966423816
2.875995275672497,0.26248574633089083
2.8791384399082047,0.2594515027984831
2.882281604143912,0.2564146960218867
2.88542476837962,0.2533753560031522
2.8885679326153277,0.2503335127693585
2.891711096851035,0.247289196372315
2.894854261086743,0.24424243688826333
2.8979974253224503,0.2411932644175833
2.901140589558158,0.23814170908449195
2.904283753793866,0.23508780103674906
2.9074269180295733,0.2320315704453581
2.910570082265281,0.22897304750426659
2.9137132465009885,0.2259122624300711
2.9168564107366963,0.2228492454617151
2.919999574972404,0.21978402686019335
2.9231427392081115,0.21671663690825152
2.9262859034438193,0.21364710591008582
2.9294290676795267,0.21057546419104656
2.9325722319152345,0.2075017420973352
2.9357153961509423,0.20442596999570747
2.9388585603866497,0.20134817827317206
2.9420017246223575,0.19826839733668922
2.9451448888580654,0.19518665761287282
2.9482880530937727,0.19210298954768854
2.9514312173294805,0.1890174236061518
2.954574381565188,0.18592999027202972
2.9577175458008957,0.18284072004753657
2.9608607100366036,0.17974964345303537
2.964003874272311,0.17665679102673523
2.9671470385080188,0.1735621933243882
2.970290202743726,0.17046588091899034
2.973433366979434,0.1673678844004766
2.9765765312151418,0.16426823437542112
2.979719695450849,0.161166961466734
2.982862859686557,0.15806409631335722
2.9860060239222648,0.15495966956996451
2.989149188157972,0.15185371190665742
2.99229235239368,0.1487462540086608
2.9954355166293873,0.14563732657602277
2.998578680865095,0.142526960323308
3.001721845100803,0.13941518597929717
3.0048650093365104,0.13630203428668222
3.008008173572218,0.13318753600176125
3.0111513378079255,0.13007172189413768
3.0142945020436334,0.12695462274641287
3.017437666279341,0.123836269353885
3.0205808305150486,0.12071669252424352
3.0237239947507564,0.11759592307726349
3.026867158986464,0.1144739918445037
3.0300103232221716,0.11135092966900079
3.0331534874578794,0.10822676740496319
3.0362966516935868,0.10510153591746937
3.0394398159292946,0.10197526608215945
3.0425829801650024,0.09884798878493316
3.0457261444007098,0.09571973492164343
3.0488693086364176,0.09259053539778982
3.052012472872125,0.08946042112821631
3.0551556371078328,0.0863294230368023
3.0582988013435406,0.08319757205616021
3.061441965579248,0.08006489912732856
3.064585129814956,0.07693143519946496
3.0677282940506636,0.073797211229543
3.070871458286371,0.07066225818204507
3.074014622522079,0.06752660702865515
3.077157786757786,0.06439028874795592
3.080300950993494,0.061253334325119146
3.083444115229202,0.05811577475160265
3.086587279464909,0.05497764102484286
3.089730443700617,0.051838964147947184
3.0928736079363244,0.04869977512939083
3.096016772172032,0.04556010498270696
3.09915993640774,0.04241998472618333
3.1023031006434474,0.03927944538255454
3.105446264879155,0.036138517978694246
3.108589429114863,0.032997233545311234
3.1117325933505704,0.029855623116641576
3.114875757586278,0.026713717730140668
3.1180189218219856,0.023571548426179704
3.1211620860576934,0.02042914624773548
3.1243052502934012,0.01728654224008679
3.1274484145291086,0.014143767450506394
3.1305915787648164,0.011000852927952965
3.133734743000524,0.007857829722767433
3.1368779072362316,0.00471472888636268
3.1400210714719394,0.001571581470919876
3.143164235707647,-0.001571581470919631
3.1463073999433546,-0.0047147288863624345
3.149450564179062,-0.007857829722766744
3.15259372841477,-0.01100085292795272
3.1557368926504776,-0.01414376745050615
3.158880056886185,-0.017286542240086543
3.162023221121893,-0.020429146247735234
3.1651663853576006,-0.02357154842617946
3.168309549593308,-0.026713717730140422
3.171452713829016,-0.02985562311664133
3.174595878064723,-0.032997233545310985
3.177739042300431,-0.036138517978693996
3.180882206536139,-0.0392794453825543
3.184025370771846,-0.04241998472618309
3.187168535007554,-0.04556010498270672
3.1903116992432614,-0.048699775129390145
3.1934548634789692,-0.051838964147946934
3.196598027714677,-0.054977641024842615
3.1997411919503844,-0.05811577475160241
3.2028843561860922,-0.061253334325118904
3.2060275204218,-0.06439028874795567
3.2091706846575074,-0.06752660702865491
3.2123138488932153,-0.07066225818204482
3.2154570131289226,-0.07379721122954275
3.2186001773646304,-0.07693143519946471
3.2217433416003383,-0.08006489912732832
3.2248865058360456,-0.08319757205615996
3.2280296700717535,-0.08632942303680206
3.231172834307461,-0.08946042112821563
3.2343159985431686,-0.09259053539778958
3.2374591627788765,-0.09571973492164318
3.240602327014584,-0.09884798878493291
3.2437454912502917,-0.1019752660821592
3.2468886554859995,-0.10510153591746914
3.250031819721707,-0.10822676740496294
3.2531749839574147,-0.11135092966900055
3.256318148193122,-0.11447399184450346
3.25946131242883,-0.11759592307726326
3.2626044766645377,-0.12071669252424329
3.265747640900245,-0.12383626935388475
3.268890805135953,-0.12695462274641262
3.2720339693716602,-0.130071721894137
3.275177133607368,-0.133187536001761
3.278320297843076,-0.136302034286682
3.2814634620787833,-0.13941518597929695
3.284606626314491,-0.14252696032330775
3.287749790550199,-0.14563732657602252
3.2908929547859063,-0.14874625400866054
3.294036119021614,-0.15185371190665717
3.2971792832573215,-0.15495966956996426
3.3003224474930293,-0.15806409631335697
3.303465611728737,-0.1611669614667338
3.3066087759644445,-0.1642682343754209
3.3097519402001523,-0.16736788440047634
3.3128951044358597,-0.17046588091898968
3.3160382686715675,-0.17356219332438794
3.3191814329072753,-0.176656791026735
3.3223245971429827,-0.17974964345303515
3.3254677613786905,-0.18284072004753632
3.328610925614398,-0.18592999027202906
3.3317540898501057,-0.18901742360615156
3.3348972540858135,-0.1921029895476883
3.338040418321521,-0.19518665761287257
3.3411835825572287,-0.19826839733668897
3.3443267467929365,-0.20134817827317184
3.347469911028644,-0.20442596999570722
3.3506130752643517,-0.20750174209733496
3.353756239500059,-0.2105754641910459
3.356899403735767,-0.21364710591008557
3.3600425679714747,-0.21671663690825127
3.363185732207182,-0.2197840268601931
3.36632889644289,-0.22284924546171486
3.3694720606785973,-0.22591226243007043
3.372615224914305,-0.22897304750426634
3.375758389150013,-0.23203157044535785
3.3789015533857203,-0.23508780103674884
3.382044717621428,-0.2381417090844917
3.385187881857136,-0.24119326441758304
3.3883310460928433,-0.2442424368882631
3.391474210328551,-0.24728919637231475
3.3946173745642585,-0.2503335127693582
3.3977605387999663,-0.2533753560031519
3.400903703035674,-0.25641469602188643
3.4040468672713815,-0.25945150279848284
3.4071900315070893,-0.2624857463308906
3.4103331957427967,-0.26551739664238094
3.4134763599785045,-0.26854642378184646
3.4166195242142123,-0.2715727978240941
3.4197626884499197,-0.27459648887014193
3.4229058526856275,-0.27761746704751583
3.4260490169213353,-0.2806357025105423
3.4291921811570427,-0.28365116544064434
3.4323353453927505,-0.2866638260466372
3.435478509628458,-0.2896736545650202
3.4386216738641657,-0.2926806212602737
3.4417648380998735,-0.2956846964251502
3.444908002335581,-0.298685850380969
3.4480511665712887,-0.30168405347791055
3.451194330806996,-0.30467927609530665
3.454337495042704,-0.30767148864193633
3.4574806592784117,-0.3106606615563153
3.460623823514119,-0.31364676530698915
3.463766987749827,-0.3166297703928266
3.4669101519855348,-0.31960964734330805
3.470053316221242,-0.3225863667188185
3.47319648045695,-0.3255598991109392
3.4763396446926573,-0.32853021514273556
3.479482808928365,-0.33149728546905044
3.482625973164073,-0.33446108077679154
3.4857691373997803,-0.3374215717852218
3.488912301635488,-0.3403787292462503
3.4920554658711955,-0.343332523944718
3.4951986301069033,-0.34628292669869015
3.498341794342611,-0.34922990835974094
3.5014849585783185,-0.35217343981324345
3.5046281228140264,-0.3551134919786582
3.507771287049734,-0.3580500358098179
3.5109144512854416,-0.360983042295216
3.5140576155211494,-0.3639124824582939
3.5172007797568567,-0.3668383273577251
3.5203439439925646,-0.36976054808770387
3.5234871082282724,-0.3726791157782282
3.5266302724639798,-0.37559400159538614
3.5297734366996876,-0.378505176741642
3.532916600935395,-0.3814126124561179
3.5360597651711028,-0.3843162800148812
3.5392029294068106,-0.38721615073122545
3.542346093642518,-0.3901121959559549
3.5454892578782258,-0.39300438707766905
3.548632422113933,-0.3958926955230422
3.551775586349641,-0.39877709275710893
3.554918750585349,-0.4016575502835435
3.558061914821056,-0.4045340396449424
3.561205079056764,-0.4074065324231066
3.564348243292472,-0.41027500023932
3.567491407528179,-0.4131394147546311
3.570634571763887,-0.41599974767013415
3.5737777359995944,-0.41885597072724556
3.576920900235302,-0.42170805570798686
3.58006406447101,-0.4245559744352603
3.5832072287067174,-0.42739969877312844
3.586350392942425,-0.43023920062709353
3.5894935571781326,-0.4330744519443721
3.5926367214138404,-0.43590542471417526
3.595779885649548,-0.4387320909679828
3.5989230498852556,-0.4415544227798206
3.6020662141209634,-0.44437239226653774
3.605209378356671,-0.4471859715880796
3.6083525425923786,-0.44999513294776405
3.6114957068280864,-0.45279984859255723
3.614638871063794,-0.4556000908133451
3.6177820352995016,-0.4583958319452104
3.6209251995352094,-0.46118704436770275
3.624068363770917,-0.4639737005051133
3.6272115280066246,-0.4667557728267479
3.630354692242332,-0.4695332338471967
3.63349785647804,-0.47230605612660853
3.6366410207137476,-0.47507421227095936
3.639784184949455,-0.47783767493232415
3.642927349185163,-0.48059641680914816
3.6460705134208706,-0.48335041064651435
3.649213677656578,-0.4860996292364138
3.652356841892286,-0.4888440454180157
3.655500006127993,-0.4915836320779329
3.658643170363701,-0.49431836215049296
3.661786334599409,-0.4970482086180029
3.664929498835116,-0.49977314451101706
3.668072663070824,-0.5024931429086049
3.6712158273065314,-0.5052081769386141
3.674358991542239,-0.5079182197779393
3.677502155777947,-0.5106232446527843
3.6806453200136544,-0.5133232248389278
3.6837884842493622,-0.5160181336619885
3.68693164848507,-0.5187079444976861
3.6900748127207774,-0.5213926307721061
3.6932179769564852,-0.5240721659619629
3.6963611411921926,-0.5267465235948595
3.6995043054279004,-0.5294156772495517
3.7026474696636082,-0.5320796005562073
3.7057906338993156,-0.5347382671966664
3.7089337981350234,-0.5373916509047039
3.712076962370731,-0.5400397254662855
3.7152201266064386,-0.5426824647198303
3.7183632908421465,-0.5453198425564659
3.721506455077854,-0.547951832920288
3.7246496193135616,-0.5505784098086192
3.7277927835492695,-0.5531995472722625
3.730935947784977,-0.5558152194157603
3.7340791120206847,-0.5584254003976502
3.737222276256392,-0.5610300644307183
3.7403654404921,-0.5636291857822565
3.7435086047278077,-0.5662227387743145
3.746651768963515,-0.5688106977839544
3.749794933199223,-0.5713930372435052
3.7529380974349302,-0.5739697316408124
3.756081261670638,-0.5765407555194934
3.759224425906346,-0.5791060834791859
3.7623675901420532,-0.5816656901758006
3.765510754377761,-0.5842195503217723
3.7686539186134684,-0.5867676386863073
3.7717970828491763,-0.5893099300956351
3.774940247084884,-0.5918463994332557
3.7780834113205914,-0.5943770216401875
3.7812265755562993,-0.5969017717152166
3.784369739792007,-0.5994206247151419
3.7875129040277145,-0.6019335557550222
3.7906560682634223,-0.604440540008423
3.7937992324991296,-0.6069415527076597
3.7969423967348375,-0.609436569144045
3.8000855609705453,-0.6119255646681301
3.8032287252062527,-0.6144085146899501
3.8063718894419605,-0.6168853946792671
3.809515053677668,-0.6193561801658108
3.8126582179133757,-0.6218208467395229
3.8158013821490835,-0.6242793700507953
3.818944546384791,-0.6267317258107122
3.8220877106204987,-0.6291778897912914
3.8252308748562065,-0.6316178378257207
3.828374039091914,-0.6340515458085982
3.8315172033276217,-0.6364789896961719
3.834660367563329,-0.6389001455065738
3.837803531799037,-0.6413149893200607
3.8409466960347447,-0.6437234972792472
3.844089860270452,-0.6461256455893429
3.84723302450616,-0.6485214105183885
3.8503761887418673,-0.6509107683974877
3.853519352977575,-0.6532936956210439
3.856662517213283,-0.6556701686469909
3.8598056814489903,-0.6580401639970267
3.862948845684698,-0.660403658256846
3.866092009920406,-0.6627606280763703
3.8692351741561133,-0.6651110501699788
3.872378338391821,-0.66745490131674
3.8755215026275285,-0.6697921583606384
3.8786646668632363,-0.6721227982108061
3.881807831098944,-0.6744467978417488
3.8849509953346515,-0.6767641342935737
3.8880941595703593,-0.679074784672218
3.8912373238060667,-0.6813787261496725
3.8943804880417745,-0.6836759359642095
3.8975236522774823,-0.6859663914206056
3.9006668165131897,-0.6882500698903671
3.9038099807488975,-0.6905269488119542
3.9069531449846053,-0.6927970056910021
3.9100963092203127,-0.6950602181005442
3.9132394734560205,-0.6973165636812346
3.916382637691728,-0.6995660201415669
3.9195258019274357,-0.7018085652580967
3.9226689661631435,-0.704044176875659
3.925812130398851,-0.7062728329075884
3.9289552946345587,-0.7084945113359377
3.932098458870266,-0.7107091902116937
3.935241623105974,-0.7129168476549961
3.9383847873416817,-0.7151174618553521
3.941527951577389,-0.717311011071852
3.944671115813097,-0.7194974736333857
3.9478142800488047,-0.7216768279388543
3.950957444284512,-0.723849052457385
3.95410060852022,-0.7260141257285442
3.9572437727559273,-0.7281720263625477
3.960386936991635,-0.7303227330404748
3.963530101227343,-0.7324662245144757
3.9666732654630503,-0.7346024796079834
3.969816429698758,-0.7367314772159236
3.9729595939344655,-0.7388531963049205
3.9761027581701733,-0.7409676159135078
3.979245922405881,-0.743074715152333
3.9823890866415885,-0.7451744732043654
3.9855322508772963,-0.7472668693251019
3.9886754151130037,-0.7493518828427703
3.9918185793487115,-0.7514294931585359
3.9949617435844194,-0.753499679746703
3.9981049078201267,-0.7555624221549179
4.0012480720558345,-0.7576177000043728
4.004391236291542,-0.7596654929900046
4.00753440052725,-0.7617057808806981
4.010677564762958,-0.7637385435194822
4.013820728998665,-0.7657637608237337
4.016963893234373,-0.7677814127853726
4.020107057470081,-0.7697914794710593
4.023250221705788,-0.7717939410223942
4.026393385941495,-0.7737887776561119
4.029536550177204,-0.7757759696642776
4.032679714412911,-0.7777554974144802
4.035822878648618,-0.7797273413500284
4.038966042884327,-0.7816914819901435
4.042109207120034,-0.7836478999301494
4.045252371355741,-0.7855965758416676
4.04839553559145,-0.7875374904728075
4.051538699827157,-0.7894706246483535
4.054681864062864,-0.7913959592699588
4.057825028298573,-0.7933134753163319
4.06096819253428,-0.7952231538434232
4.064111356769987,-0.7971249759846153
4.067254521005695,-0.7990189229509073
4.070397685241403,-0.800904976031101
4.07354084947711,-0.8027831165919846
4.076684013712818,-0.804653326078519
4.079827177948526,-0.8065155860140201
4.082970342184233,-0.8083698780003395
4.086113506419941,-0.8102161837180499
4.089256670655649,-0.8120544849266235
4.092399834891356,-0.8138847634646117
4.095542999127064,-0.815707001249827
4.098686163362771,-0.8175211802795201
4.101829327598479,-0.8193272826305581
4.104972491834187,-0.8211252904596001
4.108115656069894,-0.8229151860032765
4.111258820305602,-0.8246969515783623
4.11440198454131,-0.8264705695819513
4.117545148777017,-0.8282360224916322
4.120688313012725,-0.8299932928656608
4.123831477248433,-0.8317423633431303
4.12697464148414,-0.8334832166441462
4.130117805719848,-0.8352158355699952
4.133260969955556,-0.8369402030033142
4.136404134191263,-0.8386563019082613
4.139547298426971,-0.8403641153306837
4.142690462662679,-0.8420636263982845
4.145833626898386,-0.8437548183207887
4.148976791134094,-0.8454376743901112
4.152119955369802,-0.8471121779805211
4.155263119605509,-0.8487783125488039
4.158406283841217,-0.850436061634428
4.161549448076925,-0.8520854088597063
4.164692612312632,-0.8537263379299559
4.16783577654834,-0.8553588326336623
4.170978940784048,-0.8569828768426383
4.174122105019755,-0.8585984545121816
4.177265269255463,-0.8602055496812362
4.18040843349117,-0.8618041464725482
4.183551597726878,-0.8633942290928239
4.186694761962586,-0.8649757818328837
4.189837926198293,-0.86654878906782
4.192981090434001,-0.8681132352571501
4.196124254669709,-0.869669104944969
4.199267418905416,-0.871216382760104
4.202410583141124,-0.8727550534162659
4.205553747376832,-0.874285101712198
4.208696911612539,-0.8758065125318295
4.211840075848247,-0.8773192708444233
4.214983240083955,-0.8788233617047233
4.218126404319662,-0.8803187702531045
4.221269568555369,-0.8818054817157179
4.224412732791078,-0.883283481404638
4.227555897026785,-0.8847527547180053
4.230699061262492,-0.8862132871401739
4.233842225498201,-0.8876650642418532
4.236985389733908,-0.8891080716802492
4.240128553969615,-0.890542295199209
4.243271718205324,-0.8919677206293599
4.246414882441031,-0.8933843338882489
4.249558046676738,-0.8947921209804832
4.252701210912447,-0.8961910679978686
4.255844375148154,-0.8975811611195444
4.258987539383861,-0.8989623866121234
4.262130703619569,-0.900334730829825
4.265273867855277,-0.9016981802146116
4.268417032090984,-0.9030527212963206
4.271560196326692,-0.9043983406928002
4.2747033605624,-0.9057350251100398
4.2778465247981075,-0.9070627613423006
4.280989689033815,-0.9083815362722483
4.284132853269523,-0.9096913368710817
4.2872760175052305,-0.9109921501986601
4.290419181740938,-0.9122839634036333
4.293562345976646,-0.9135667637235675
4.2967055102123535,-0.9148405384850705
4.299848674448061,-0.9161052751039193
4.302991838683768,-0.9173609610851817
4.3061350029194765,-0.9186075840233425
4.309278167155184,-0.9198451316024226
4.312421331390891,-0.9210735915961044
4.3155644956265995,-0.9222929518678502
4.318707659862307,-0.9235032003710225
4.321850824098014,-0.9247043251490037
4.3249939883337225,-0.9258963143353138
4.32813715256943,-0.9270791561537273
4.331280316805137,-0.9282528389183898
4.3344234810408455,-0.9294173510339346
4.337566645276553,-0.9305726809955945
4.34070980951226,-0.9317188173893184
4.343852973747968,-0.9328557488918824
4.346996137983676,-0.9339834642710024
4.350139302219383,-0.9351019523854439
4.353282466455091,-0.9362112021851337
4.356425630690799,-0.9373112027112682
4.359568794926506,-0.9384019430964213
4.362711959162214,-0.9394834125646526
4.365855123397922,-0.9405556004316138
4.368998287633629,-0.9416184961046528
4.372141451869337,-0.9426720890829206
4.375284616105045,-0.9437163689574738
4.378427780340752,-0.9447513254113766
4.38157094457646,-0.9457769482198048
4.384714108812167,-0.9467932272501453
4.387857273047875,-0.9478001524620966
4.391000437283583,-0.9487977139077677
4.39414360151929,-0.949785901731777
4.397286765754998,-0.9507647061713498
4.400429929990706,-0.9517341175564131
4.403573094226413,-0.9526941263096933
4.406716258462121,-0.9536447229468099
4.409859422697829,-0.9545858980763683
4.413002586933536,-0.9555176424000542
4.416145751169244,-0.9564399467127246
4.419288915404952,-0.9573528019024984
4.422432079640659,-0.9582561989508471
4.4255752438763665,-0.959150128932684
4.428718408112075,-0.9600345830164518
4.431861572347782,-0.9609095524642096
4.4350047365834895,-0.9617750286317204
4.438147900819198,-0.9626310029685355
4.441291065054905,-0.9634774670180792
4.4444342292906125,-0.9643144124177326
4.447577393526321,-0.9651418308989163
4.450720557762028,-0.965959714287171
4.4538637219977355,-0.9667680545022397
4.457006886233444,-0.9675668435581474
4.460150050469151,-0.9683560735632782
4.4632932147048585,-0.9691357367204557
4.466436378940566,-0.9699058253270187
4.469579543176274,-0.9706663317748975
4.4727227074119815,-0.9714172485506885
4.475865871647689,-0.9721585682357297
4.479009035883397,-0.9728902835061733
4.4821522001191045,-0.9736123871330575
4.485295364354812,-0.9743248719823789
4.48843852859052,-0.9750277310151628
4.4915816928262275,-0.9757209572875317
4.494724857061935,-0.9764045439507754
4.497868021297643,-0.9770784842514177
4.501011185533351,-0.9777427715312833
4.504154349769058,-0.978397399227564
4.507297514004765,-0.9790423608728827
4.510440678240474,-0.9796776500953583
4.513583842476181,-0.9803032606186677
4.516727006711888,-0.9809191862621086
4.519870170947597,-0.9815254209406601
4.523013335183304,-0.9821219586650426
4.526156499419011,-0.9827087935417779
4.52929966365472,-0.9832859197732465
4.532442827890427,-0.983853331657745
4.535585992126134,-0.984411023589543
4.538729156361842,-0.9849589900589379
4.54187232059755,-0.9854972256523098
4.545015484833257,-0.9860257250521742
4.548158649068965,-0.9865444830372356
4.551301813304673,-0.9870534944824386
4.55444497754038,-0.9875527543590177
4.557588141776088,-0.9880422577345486
4.560731306011796,-0.9885219997729958
4.563874470247503,-0.9889919757347605
4.567017634483211,-0.9894521809767278
4.570160798718919,-0.9899026109523126
4.573303962954626,-0.9903432612115034
4.576447127190334,-0.9907741274009082
4.579590291426041,-0.9911952052637958
4.582733455661749,-0.991606490640139
4.585876619897457,-0.9920079794666544
4.589019784133164,-0.9923996677768442
4.592162948368872,-0.9927815517010343
4.59530611260458,-0.9931536274664124
4.598449276840287,-0.9935158913970661
4.601592441075995,-0.9938683399140186
4.604735605311703,-0.994210969535264
4.60787876954741,-0.9945437768758022
4.611021933783118,-0.9948667586476722
4.614165098018826,-0.9951799116599839
4.617308262254533,-0.9954832328189505
4.6204514264902405,-0.9957767191279189
4.623594590725949,-0.9960603676873989
4.626737754961656,-0.9963341756950921
4.6298809191973636,-0.9965981404459195
4.633024083433072,-0.9968522593320487
4.636167247668779,-0.9970965298429187
4.639310411904487,-0.9973309495652656
4.642453576140195,-0.9975555161831459
4.645596740375902,-0.9977702274779598
4.64873990461161,-0.9979750813284729
4.651883068847318,-0.9981700757108369
4.655026233083025,-0.99835520869861
4.658169397318733,-0.9985304784627759
4.66131256155444,-0.9986958832717616
4.664455725790148,-0.9988514214914548
4.667598890025856,-0.9989970915852197
4.670742054261563,-0.9991328921139124
4.673885218497271,-0.9992588217358954
4.677028382732979,-0.9993748792070504
4.680171546968686,-0.9994810633807905
4.683314711204394,-0.9995773732080722
4.686457875440102,-0.9996638077374049
4.689601039675809,-0.9997403661148613
4.692744203911517,-0.9998070475840847
4.695887368147225,-0.9998638514862973
4.699030532382932,-0.9999107772603066
4.702173696618639,-0.9999478244425106
4.705316860854348,-0.9999749926669027
4.708460025090055,-0.9999922816650751
4.711603189325762,-0.9999996912662218
4.714746353561471,-0.9999972213971394
4.717889517797178,-0.9999848720822294
4.721032682032885,-0.9999626434434962
4.724175846268594,-0.9999305357005471
4.727319010504301,-0.9998885491705899
4.730462174740008,-0.9998366842684291
4.733605338975717,-0.9997749415064627
4.736748503211424,-0.9997033214946769
4.739891667447131,-0.9996218249406393
4.743034831682839,-0.9995304526494934
4.746177995918547,-0.9994292055239488
4.749321160154254,-0.9993180845642742
4.752464324389962,-0.9991970908682858
4.75560748862567,-0.9990662256313378
4.758750652861377,-0.9989254901463098
4.761893817097085,-0.9987748858035943
4.765036981332793,-0.9986144140910828
4.7681801455685004,-0.9984440765941512
4.771323309804208,-0.9982638749956445
4.774466474039916,-0.9980738110758594
4.7776096382756235,-0.9978738867125272
4.780752802511331,-0.9976641038807956
4.783895966747038,-0.9974444646532084
4.7870391309827465,-0.9972149711996852
4.790182295218454,-0.9969756257875008
4.793325459454161,-0.9967264307812617
4.7964686236898695,-0.9964673886428831
4.799611787925577,-0.9961985019315652
4.802754952161284,-0.9959197733037669
4.8058981163969925,-0.9956312055131803
4.8090412806327,-0.995332801410703
4.812184444868407,-0.9950245639444106
4.8153276091041155,-0.9947064961595268
4.818470773339823,-0.9943786011983938
4.82161393757553,-0.9940408823004412
4.824757101811238,-0.9936933428021536
4.827900266046946,-0.9933359861370382
4.831043430282653,-0.9929688158355909
4.834186594518361,-0.9925918355252608
4.837329758754069,-0.9922050489304145
4.840472922989776,-0.9918084598723002
4.843616087225484,-0.9914020722690087
4.846759251461192,-0.9909858901354354
4.849902415696899,-0.9905599175832408
4.853045579932607,-0.9901241588208093
4.856188744168315,-0.9896786181532077
4.859331908404022,-0.9892232999821434
4.86247507263973,-0.9887582088059201
4.865618236875437,-0.9882833492193935
4.868761401111145,-0.9877987259139261
4.871904565346853,-0.9873043436773412
4.87504772958256,-0.9868002073938748
4.878190893818268,-0.9862863220441276
4.881334058053976,-0.9857626927050165
4.884477222289683,-0.9852293245497235
4.887620386525391,-0.9846862228476447
4.890763550761099,-0.9841333929643393
4.893906714996806,-0.9835708403614752
4.897049879232514,-0.9829985705967758
4.900193043468222,-0.9824165893239648
4.903336207703929,-0.9818249022927109
4.9064793719396365,-0.9812235153485702
4.909622536175345,-0.9806124344329288
4.912765700411052,-0.9799916655829446
4.9159088646467595,-0.9793612149314866
4.919052028882468,-0.9787210887070751
4.922195193118175,-0.9780712932338204
4.9253383573538825,-0.9774118349313591
4.928481521589591,-0.976742720314792
4.931624685825298,-0.9760639559946194
4.9347678500610055,-0.9753755486766749
4.937911014296713,-0.9746775051620603
4.941054178532421,-0.9739698323470777
4.9441973427681285,-0.9732525372231621
4.947340507003836,-0.9725256268768113
4.950483671239544,-0.9717891084895165
4.9536268354752515,-0.9710429893376917
4.956769999710959,-0.9702872767926012
4.959913163946667,-0.9695219783202864
4.9630563281823745,-0.9687471014814937
4.966199492418082,-0.9679626539315977
4.96934265665379,-0.9671686434205271
4.9724858208894975,-0.9663650777926878
4.975628985125205,-0.9655519649868847
4.978772149360912,-0.964729313036244
4.9819153135966205,-0.9638971300681336
4.985058477832328,-0.9630554243040832
4.988201642068035,-0.9622042040597023
4.9913448063037436,-0.9613434777445982
4.994487970539451,-0.9604732538622941
4.997631134775158,-0.9595935410101433
5.000774299010867,-0.9587043478792452
5.003917463246574,-0.95780568325436
5.007060627482281,-0.9568975560138206
5.01020379171799,-0.9559799751294458
5.013346955953697,-0.9550529496664516
5.016490120189404,-0.9541164887833613
5.019633284425112,-0.953170601731915
5.02277644866082,-0.9522152978569783
5.025919612896527,-0.9512505865964509
5.029062777132235,-0.9502764774811717
5.032205941367943,-0.9492929801348252
5.03534910560365,-0.9483001042738479
5.038492269839358,-0.94729785970733
5.041635434075066,-0.9462862563369197
5.044778598310773,-0.9452653041567259
5.047921762546481,-0.9442350132532181
5.051064926782189,-0.9431953938051276
5.054208091017896,-0.9421464560833475
5.057351255253604,-0.9410882104508296
5.060494419489311,-0.9400206673624834
5.063637583725019,-0.938943837365072
5.066780747960727,-0.9378577310971092
5.069923912196434,-0.9367623592887527
5.073067076432142,-0.9356577327616985
5.07621024066785,-0.9345438624290755
5.079353404903557,-0.9334207592953356
5.082496569139265,-0.9322884344561461
5.085639733374973,-0.9311468990982802
5.08878289761068,-0.929996164499506
5.091926061846388,-0.9288362420284747
5.095069226082096,-0.9276671431446101
5.098212390317803,-0.9264888793979931
5.1013555545535105,-0.9253014624292488
5.104498718789219,-0.9241049039694311
5.107641883024926,-0.922899215839908
5.1107850472606335,-0.9216844099522429
5.113928211496342,-0.9204604983080776
5.117071375732049,-0.9192274929990154
5.1202145399677566,-0.9179854062064988
5.123357704203465,-0.9167342502016907
5.126500868439172,-0.9154740373453543
5.12964403267488,-0.9142047800877283
5.132787196910588,-0.9129264909684056
5.135930361146295,-0.91163918261621
5.139073525382003,-0.9103428677490698
5.14221668961771,-0.909037559173893
5.145359853853418,-0.9077232697864404
5.148503018089126,-0.9064000125711995
5.151646182324833,-0.9050678006012545
5.154789346560541,-0.9037266470381573
5.157932510796249,-0.9023765651317996
5.161075675031956,-0.9010175682202793
5.164218839267664,-0.8996496697297695
5.167362003503372,-0.8982728831743874
5.170505167739079,-0.8968872221560589
5.173648331974787,-0.8954927003643843
5.176791496210495,-0.8940893315765055
5.179934660446202,-0.8926771296569664
5.183077824681909,-0.8912561085575781
5.186220988917618,-0.8898262823172802
5.189364153153325,-0.8883876650620036
5.192507317389032,-0.8869402710045287
5.195650481624741,-0.8854841144443459
5.198793645860448,-0.884019209767516
5.201936810096155,-0.8825455714465251
5.205079974331864,-0.8810632140401432
5.208223138567571,-0.8795721521932817
5.211366302803278,-0.8780724006368454
5.214509467038987,-0.8765639741875898
5.217652631274694,-0.8750468877479743
5.220795795510401,-0.8735211563060135
5.223938959746109,-0.8719867949351303
5.227082123981817,-0.8704438187940066
5.230225288217524,-0.8688922431264345
5.233368452453232,-0.8673320832611644
5.23651161668894,-0.8657633546117532
5.239654780924647,-0.8641860726764147
5.242797945160355,-0.862600253037863
5.245941109396063,-0.8610059113631607
5.24908427363177,-0.8594030634035645
5.252227437867478,-0.8577917249943675
5.255370602103186,-0.8561719120547441
5.2585137663388934,-0.8545436405875938
5.261656930574601,-0.8529069266793806
5.264800094810308,-0.8512617864999759
5.2679432590460165,-0.8496082363024975
5.271086423281724,-0.8479462924231514
5.274229587517431,-0.8462759712810675
5.2773727517531395,-0.8445972893781382
5.280515915988847,-0.8429102632988574
5.283659080224554,-0.8412149097101538
5.2868022444602625,-0.8395112453612275
5.28994540869597,-0.8377992870833856
5.293088572931677,-0.8360790517898739
5.2962317371673855,-0.8343505564757103
5.299374901403093,-0.8326138182175195
5.3025180656388,-0.8308688541733596
5.305661229874508,-0.8291156815825569
5.308804394110216,-0.8273543177655321
5.311947558345923,-0.8255847801236333
5.315090722581631,-0.8238070861389598
5.318233886817339,-0.8220212533741913
5.321377051053046,-0.8202272994724158
5.324520215288754,-0.8184252421569524
5.327663379524462,-0.8166150992311779
5.330806543760169,-0.8147968885783519
5.333949707995877,-0.8129706281614374
5.337092872231585,-0.8111363360229248
5.340236036467292,-0.8092940302846554
5.343379200703,-0.8074437291476391
5.346522364938707,-0.8055854508918763
5.349665529174415,-0.8037192138761771
5.352808693410123,-0.801845036537981
5.35595185764583,-0.7999629373931726
5.359095021881538,-0.7980729350358996
5.362238186117246,-0.7961750481383908
5.365381350352953,-0.7942692954507685
5.368524514588661,-0.792355695800865
5.371667678824369,-0.7904342680940378
5.374810843060076,-0.7885050313129804
5.377954007295783,-0.7865680045175357
5.381097171531492,-0.7846232068445078
5.384240335767199,-0.7826706575074743
5.3873835000029064,-0.7807103757965939
5.390526664238615,-0.7787423810784165
5.393669828474322,-0.7767666927956947
5.3968129927100295,-0.7747833304671874
5.399956156945738,-0.7727923136874691
5.403099321181445,-0.7707936621267383
5.4062424854171525,-0.7687873955306188
5.409385649652861,-0.7667735337199675
5.412528813888568,-0.7647520965906792
5.4156719781242755,-0.7627231041134878
5.418815142359983,-0.7606865763337699
5.421958306595691,-0.758642533371347
5.4251014708313985,-0.756590995420288
5.428244635067106,-0.7545319827487065
5.431387799302814,-0.7524655156985628
5.4345309635385215,-0.750391614685464
5.437674127774229,-0.7483103001984591
5.440817292009937,-0.7462215927998386
5.4439604562456445,-0.7441255131249322
5.447103620481352,-0.7420220818819029
5.45024678471706,-0.7399113198515426
5.4533899489527675,-0.7377932478870697
5.456533113188475,-0.7356678869139188
5.459676277424182,-0.733535257929537
5.4628194416598905,-0.7313953820031747
5.465962605895598,-0.7292482802756801
5.469105770131305,-0.7270939739592869
5.4722489343670135,-0.724932484337406
5.475392098602721,-0.7227638327644176
5.478535262838428,-0.7205880406654565
5.4816784270741366,-0.7184051295362018
5.484821591309844,-0.7162151209426671
5.487964755545551,-0.7140180365209831
5.49110791978126,-0.7118138979771859
5.494251084016967,-0.7096027270870047
5.497394248252674,-0.7073845456956425
5.500537412488382,-0.7051593757175632
5.50368057672409,-0.7029272391362734
5.506823740959797,-0.7006881580041082
5.509966905195505,-0.6984421544420092
5.513110069431213,-0.6961892506393077
5.51625323366692,-0.6939294688535081
5.519396397902628,-0.6916628314100636
5.522539562138336,-0.6893893607021574
5.525682726374043,-0.687109079190484
5.528825890609751,-0.684822009403023
5.531969054845459,-0.6825281739348186
5.535112219081166,-0.6802275954477583
5.538255383316874,-0.6779202966703453
5.541398547552581,-0.6756063003974759
5.544541711788289,-0.6732856294902142
5.547684876023997,-0.6709583068755673
5.550828040259704,-0.6686243555462564
5.553971204495412,-0.6662837985604906
5.55711436873112,-0.6639366590417414
5.560257532966827,-0.6615829601785101
5.563400697202535,-0.6592227252241015
5.566543861438243,-0.6568559774963947
5.56968702567395,-0.6544827403776101
5.572830189909658,-0.6521030373140797
5.575973354145366,-0.6497168918160178
5.579116518381073,-0.6473243274572842
5.5822596826167805,-0.6449253678751548
5.585402846852489,-0.6425200367700857
5.588546011088196,-0.640108357905483
5.5916891753239035,-0.6376903551074626
5.594832339559612,-0.6352660522646181
5.597975503795319,-0.6328354733277859
5.6011186680310265,-0.6303986423098049
5.604261832266735,-0.6279555832852814
5.607404996502442,-0.6255063203903533
5.6105481607381495,-0.6230508778224471
5.613691324973858,-0.6205892798400411
5.616834489209565,-0.6181215507624286
5.619977653445273,-0.6156477149694721
5.62312081768098,-0.6131677969013664
5.626263981916688,-0.610681821058395
5.629407146152396,-0.6081898120006911
5.632550310388103,-0.605691794347991
5.635693474623811,-0.6031877927793927
5.638836638859519,-0.6006778320331142
5.641979803095226,-0.5981619369062449
5.645122967330934,-0.5956401322545026
5.648266131566642,-0.5931124429919906
5.651409295802349,-0.5905788940909467
5.654552460038057,-0.5880395105814987
5.657695624273765,-0.5854943175514197
5.660838788509472,-0.5829433401458755
5.663981952745179,-0.5803866035671792
5.667125116980888,-0.5778241330745407
5.670268281216595,-0.5752559539838203
5.673411445452302,-0.572682091667274
5.676554609688011,-0.5701025715533049
5.679697773923718,-0.5675174191262147
5.682840938159425,-0.5649266599259469
5.685984102395134,-0.5623303195478371
5.689127266630841,-0.559728423642362
5.692270430866548,-0.5571209979148821
5.695413595102257,-0.5545080681253894
5.698556759337964,-0.5518896600882555
5.701699923573671,-0.5492657996719718
5.704843087809379,-0.5466365127988971
5.707986252045087,-0.5440018254450003
5.711129416280794,-0.541361763639606
5.714272580516502,-0.5387163534651336
5.71741574475221,-0.5360656210568414
5.720558908987917,-0.533409592602571
5.723702073223625,-0.5307482943424837
5.726845237459333,-0.5280817525688039
5.72998840169504,-0.5254099936255612
5.733131565930748,-0.522733043908326
5.736274730166456,-0.5200509298639507
5.739417894402163,-0.5173636779903109
5.742561058637871,-0.5146713148360389
5.745704222873578,-0.5119738670002645
5.7488473871092864,-0.5092713611323508
5.751990551344994,-0.5065638239316338
5.755133715580701,-0.5038512821471542
5.7582768798164095,-0.5011337625773953
5.761420044052117,-0.4984112920700206
5.764563208287824,-0.49568389752160397
5.7677063725235325,-0.4929516058773662
5.77084953675924,-0.4902144441309111
5.773992700994947,-0.4874724393239543
5.7771358652306555,-0.4847256185460581
5.780279029466363,-0.4819740089343667
5.78342219370207,-0.47921763767333286
5.786565357937778,-0.47645653199445287
5.789708522173486,-0.4736907191759956
5.792851686409193,-0.4709202265427366
5.795994850644901,-0.4681450814656829
5.799138014880609,-0.46536531136180537
5.802281179116316,-0.4625809436937701
5.805424343352024,-0.4597920059696623
5.808567507587732,-0.4569985257427168
5.811710671823439,-0.45420053061104854
5.814853836059147,-0.4513980482173748
5.817997000294854,-0.44859110624874554
5.821140164530562,-0.4457797324362681
5.82428332876627,-0.44296395455483656
5.827426493001977,-0.44014380042285245
5.830569657237685,-0.4373192979019524
5.833712821473393,-0.4344904748967351
5.8368559857091,-0.43165735935448113
5.839999149944808,-0.42881997926487897
5.843142314180516,-0.4259783626597509
5.846285478416223,-0.4231325376127716
5.849428642651931,-0.4202825322391927
5.852571806887639,-0.4174283746955677
5.855714971123346,-0.414570093179469
5.858858135359053,-0.4117077159292125
5.862001299594762,-0.408841271223577
5.865144463830469,-0.4059707873815278
5.868287628066176,-0.4030962927619327
5.871430792301885,-0.4002178157632836
5.874573956537592,-0.39733538482341874
5.877717120773299,-0.3944490284192367
5.880860285009008,-0.3915587750664176
5.884003449244715,-0.388664653319144
5.8871466134804225,-0.38576669176981343
5.890289777716131,-0.3828649190487588
5.893432941951838,-0.3799593638239678
5.8965761061875455,-0.3770500548007948
5.899719270423253,-0.3741370207216806
5.902862434658961,-0.3712202903658666
5.9060055988946685,-0.36829989254911427
5.909148763130376,-0.3653758561234148
5.912291927366084,-0.3624482099767071
5.9154350916017915,-0.35951698303259483
5.918578255837499,-0.3565822042500554
5.921721420073207,-0.3536439026231564
5.9248645843089145,-0.35070210718077205
5.928007748544622,-0.34775684698629095
5.93115091278033,-0.3448081511373316
5.9342940770160375,-0.34185604876545755
5.937437241251745,-0.3389005690358845
5.940580405487452,-0.33594174114719544
5.9437235697231605,-0.3329795943310506
5.946866733958868,-0.33001415785190197
5.950009898194575,-0.3270454610066992
5.9531530624302835,-0.32407353312460246
5.956296226665991,-0.3210984035666957
5.959439390901698,-0.318120101725691
5.9625825551374065,-0.315138657025641
5.965725719373114,-0.3121540989216505
5.968868883608821,-0.30916645689958083
5.9720120478445295,-0.3061757604757606
5.975155212080237,-0.303182039196697
5.978298376315944,-0.30018532263877845
5.981441540551652,-0.2971856404079862
5.98458470478736,-0.29418302213959974
5.987727869023067,-0.2911774974979078
5.990871033258775,-0.2881690961759099
5.994014197494483,-0.2851578478950257
5.99715736173019,-0.2821437824048037
6.000300525965898,-0.2791269294826227
6.003443690201606,-0.2761073189333995
6.006586854437313,-0.2730849805892977
6.009730018673021,-0.2700599443094272
6.012873182908729,-0.2670322399795524
6.016016347144436,-0.2640018975117989
6.019159511380144,-0.2609689468443534
6.022302675615851,-0.2579334179411709
6.025445839851559,-0.25489534079167725
6.028589004087267,-0.25185474541047614
6.031732168322974,-0.2488116618370476
6.034875332558682,-0.24576612013545357
6.03801849679439,-0.24271815039404365
6.041161661030097,-0.2396677827251526
6.044304825265805,-0.23661504726480545
6.047447989501513,-0.23355997417242227
6.05059115373722,-0.23050259363051526
6.053734317972928,-0.22744293584439285
6.056877482208636,-0.22438103104186416
6.060020646444343,-0.221316909472935
6.0631638106800505,-0.2182506014095125
6.066306974915759,-0.2151821371451044
6.069450139151466,-0.21211154699452314
6.0725933033871735,-0.20903886129358118
6.075736467622882,-0.20596411039879395
6.078879631858589,-0.20288732468708245
6.0820227960942965,-0.1998085345554681
6.085165960330005,-0.1967277704207748
6.088309124565712,-0.1936450627193313
6.0914522888014195,-0.19056044190666505
6.094595453037128,-0.1874739384572041
6.097738617272835,-0.18438558286397852
6.1008817815085425,-0.181295405638314
6.10402494574425,-0.1782034373095339
6.107168109979958,-0.17510970842465579
6.1103112742156656,-0.1720142495480933
6.113454438451373,-0.1689170912613488
6.116597602687081,-0.16581826416271395
6.119740766922789,-0.16271779886697002
6.122883931158496,-0.15961572600508017
6.126027095394204,-0.15651207622388946
6.129170259629912,-0.15340688018582477
6.132313423865619,-0.15030016856858644
6.135456588101327,-0.14719197206484805
6.138599752337035,-0.14408232138195565
6.141742916572742,-0.1409712472416192
6.144886080808449,-0.13785878037961252
6.148029245044158,-0.13474495154546792
6.151172409279865,-0.13162979150217594
6.154315573515572,-0.1285133310258761
6.157458737751281,-0.12539560090555552
6.160601901986988,-0.12227663194274736
6.163745066222695,-0.1191564549512213
6.166888230458404,-0.11603510075668165
6.170031394694111,-0.11291260019646553
6.173174558929818,-0.10978898411923292
6.176317723165527,-0.1066642833846645
6.179460887401234,-0.10353852886315942
6.182604051636941,-0.10041175143552511
6.185747215872649,-0.09728398199267561
6.188890380108357,-0.09415525143532465
6.192033544344064,-0.09102559067368395
6.195176708579772,-0.08789503062715248
6.19831987281548,-0.08476360222401369
6.201463037051187,-0.0816313364011326
6.204606201286895,-0.0784982641036448
6.207749365522603,-0.07536441628465346
6.21089252975831,-0.07222982390492613
6.214035693994018,-0.06909451793258359
6.217178858229726,-0.06595852934279653
6.220322022465433,-0.0628218891174822
6.223465186701141,-0.059684628244992995
6.226608350936848,-0.05654677771981388
6.229751515172556,-0.053408368542254385
6.232894679408264,-0.050269431718145886
6.236037843643971,-0.04712999825852999
6.239181007879679,-0.043990099179354765
6.242324172115387,-0.040849765501171045
6.245467336351094,-0.03770902824882061
6.2486105005868025,-0.03456791845113233
6.25175366482251,-0.03142646714061829
6.254896829058217,-0.028284705353161875
6.258039993293925,-0.025142664127714726
6.261183157529633,-0.022000374505988275
6.26432632176534,-0.018857867532150657
6.267469486001048,-0.015715174252514653
6.270612650236756,-0.012572325715233661
6.273755814472463,-0.0094293529699976
6.276898978708171,-0.006286287067720833
6.280042142943879,-0.0031431590602380684
6.283185307179586,-2.4492935982947064e-16
